Station,Country,ARMS_unit,date_start,date_end,Event_id,File_Name,Plate_Number,Position,File_Type,File_Download_URL,created_at,updated_at
RavMarina,Italy,RavM2,2021-04-22,2021-07-22,ARMS_RavMarina_RavM2_20210422_20210722,6307780,Not Provided,Not Provided,Image,https://s3.hpc.ut.ee/plutof-public/original/951985f0-c71a-4024-94c5-93158b52dbbc.png,2021-04-22,2024-02-12
RavMarina,Italy,RavM2,2021-04-22,2021-07-22,ARMS_RavMarina_RavM2_20210422_20210722,6307788,Not Provided,Not Provided,Image,https://s3.hpc.ut.ee/plutof-public/original/79f6da47-235e-4c78-bd5d-82c694e97567.png,2021-04-22,2024-02-12
RavMarina,Italy,RavM2,2021-04-22,2021-07-22,ARMS_RavMarina_RavM2_20210422_20210722,6307792,Not Provided,Not Provided,Image,https://s3.hpc.ut.ee/plutof-public/original/e91901a5-bf3d-4ce2-aea9-f40a6e081584.png,2021-04-22,2024-02-12
RavMarina,Italy,RavM2,2021-04-22,2021-07-22,ARMS_RavMarina_RavM2_20210422_20210722,6307789,Not Provided,Not Provided,Image,https://s3.hpc.ut.ee/plutof-public/original/39ae3d77-6d50-4c8b-84dc-df31285c8655.png,2021-04-22,2024-02-12
RavMarina,Italy,RavM2,2021-04-22,2021-07-22,ARMS_RavMarina_RavM2_20210422_20210722,6307784,Not Provided,Not Provided,Image,https://s3.hpc.ut.ee/plutof-public/original/31f82edd-3c86-430b-b843-9896f02e8a4d.png,2021-04-22,2024-02-12
RavMarina,Italy,RavM2,2021-04-22,2021-07-22,ARMS_RavMarina_RavM2_20210422_20210722,6307786,Not Provided,Not Provided,Image,https://s3.hpc.ut.ee/plutof-public/original/0647eeed-aec9-4563-8469-3366fbb45c31.png,2021-04-22,2024-02-12
RavMarina,Italy,RavM2,2021-04-22,2021-07-22,ARMS_RavMarina_RavM2_20210422_20210722,6307777,Not Provided,Not Provided,Image,https://s3.hpc.ut.ee/plutof-public/original/ffac11ee-3b29-4dc7-b9be-eba1b01acd6d.png,2021-04-22,2024-02-12
RavMarina,Italy,RavM2,2021-04-22,2021-07-22,ARMS_RavMarina_RavM2_20210422_20210722,6307790,Not Provided,Not Provided,Image,https://s3.hpc.ut.ee/plutof-public/original/636605a1-60e2-4ba9-bb3e-b27a3d7795a0.png,2021-04-22,2024-02-12
RavMarina,Italy,RavM2,2021-04-22,2021-07-22,ARMS_RavMarina_RavM2_20210422_20210722,6307785,Not Provided,Not Provided,Image,https://s3.hpc.ut.ee/plutof-public/original/72133327-7c09-47d9-ae66-e614cf8abbda.png,2021-04-22,2024-02-12
RavMarina,Italy,RavM2,2021-04-22,2021-07-22,ARMS_RavMarina_RavM2_20210422_20210722,6307794,Not Provided,Not Provided,Image,https://s3.hpc.ut.ee/plutof-public/original/ea2cc6d4-82ab-4a12-a3d9-a2d4bca35dc6.png,2021-04-22,2024-02-12
RavMarina,Italy,RavM2,2021-04-22,2021-07-22,ARMS_RavMarina_RavM2_20210422_20210722,6307791,Not Provided,Not Provided,Image,https://s3.hpc.ut.ee/plutof-public/original/820554d1-1b54-44ae-97ac-67c30075c526.png,2021-04-22,2024-02-12
RavMarina,Italy,RavM2,2021-04-22,2021-07-22,ARMS_RavMarina_RavM2_20210422_20210722,6307781,Not Provided,Not Provided,Image,https://s3.hpc.ut.ee/plutof-public/original/408924cc-0562-46fa-bf27-5199d3613481.png,2021-04-22,2024-02-12
RavMarina,Italy,RavM2,2021-04-22,2021-07-22,ARMS_RavMarina_RavM2_20210422_20210722,6307779,Not Provided,Not Provided,Image,https://s3.hpc.ut.ee/plutof-public/original/bde42a09-375a-4933-a0d1-8f21f4c136a8.png,2021-04-22,2024-02-12
RavMarina,Italy,RavM2,2021-04-22,2021-07-22,ARMS_RavMarina_RavM2_20210422_20210722,6307782,Not Provided,Not Provided,Image,https://s3.hpc.ut.ee/plutof-public/original/dc8982be-aedd-47ab-9ef6-dbf490691e4c.png,2021-04-22,2024-02-12
RavMarina,Italy,RavM2,2021-04-22,2021-07-22,ARMS_RavMarina_RavM2_20210422_20210722,6307783,Not Provided,Not Provided,Image,https://s3.hpc.ut.ee/plutof-public/original/53fd97d1-3285-4be4-b76b-38ff29ee3e95.png,2021-04-22,2024-02-12
RavMarina,Italy,RavM2,2021-04-22,2021-07-22,ARMS_RavMarina_RavM2_20210422_20210722,6307793,Not Provided,Not Provided,Image,https://s3.hpc.ut.ee/plutof-public/original/3208abf1-2b66-47f5-b45c-602cb1df4715.png,2021-04-22,2024-02-12
RavMarina,Italy,RavM2,2021-04-22,2021-07-22,ARMS_RavMarina_RavM2_20210422_20210722,6322609,Not Provided,Not Provided,Image,https://s3.hpc.ut.ee/plutof-public/original/0c01530a-0851-4e88-ab44-00bdcc1c61ee.jpg,2021-04-22,2024-02-12
RavMarina,Italy,RavM2,2021-04-22,2021-07-22,ARMS_RavMarina_RavM2_20210422_20210722,6322612,Not Provided,Not Provided,Image,https://s3.hpc.ut.ee/plutof-public/original/a6a9cb71-82f1-4526-a2f8-d551f5b49de2.jpg,2021-04-22,2024-02-12
RavMarina,Italy,RavM2,2021-04-22,2021-07-22,ARMS_RavMarina_RavM2_20210422_20210722,6322611,Not Provided,Not Provided,Image,https://s3.hpc.ut.ee/plutof-public/original/3a851979-2d9b-4c99-9d2a-c23c102859b7.jpg,2021-04-22,2024-02-12
RavMarina,Italy,RavM2,2021-04-22,2021-07-22,ARMS_RavMarina_RavM2_20210422_20210722,6322610,Not Provided,Not Provided,Image,https://s3.hpc.ut.ee/plutof-public/original/ec037c9a-52d0-4286-b5cd-4506ff89cedc.jpg,2021-04-22,2024-02-12
RavMarina,Italy,RavM2,2021-04-22,2021-07-22,ARMS_RavMarina_RavM2_20210422_20210722,6307778,Not Provided,Not Provided,Image,https://s3.hpc.ut.ee/plutof-public/original/aeaa7180-0957-4413-bd8f-7f639267c206.png,2021-04-22,2024-02-12
RavMarina,Italy,RavM2,2022-04-28,2022-07-25,ARMS_RavMarina_RavM2_20220428_20220725,6308336,Not Provided,Not Provided,Image,https://s3.hpc.ut.ee/plutof-public/original/660754c6-3251-4641-a854-1f1a7c21706d.png,2023-06-26,2024-02-12
RavMarina,Italy,RavM2,2022-04-28,2022-07-25,ARMS_RavMarina_RavM2_20220428_20220725,6308335,Not Provided,Not Provided,Image,https://s3.hpc.ut.ee/plutof-public/original/c8447020-2120-422d-aaa5-b30b84367749.png,2023-06-26,2024-02-12
RavMarina,Italy,RavM2,2022-04-28,2022-07-25,ARMS_RavMarina_RavM2_20220428_20220725,6308340,Not Provided,Not Provided,Image,https://s3.hpc.ut.ee/plutof-public/original/e8ca0418-c6eb-45a2-9297-86e0b54bd262.png,2023-06-26,2024-02-12
RavMarina,Italy,RavM2,2022-04-28,2022-07-25,ARMS_RavMarina_RavM2_20220428_20220725,6308322,Not Provided,Not Provided,Image,https://s3.hpc.ut.ee/plutof-public/original/9073a0ca-1534-4665-b6f9-f4a2fcc99a91.png,2023-06-26,2024-02-12
RavMarina,Italy,RavM2,2022-04-28,2022-07-25,ARMS_RavMarina_RavM2_20220428_20220725,6308338,Not Provided,Not Provided,Image,https://s3.hpc.ut.ee/plutof-public/original/88ea39b8-b5d8-4724-bddb-0367b33b3945.png,2023-06-26,2024-02-12
RavMarina,Italy,RavM2,2022-04-28,2022-07-25,ARMS_RavMarina_RavM2_20220428_20220725,6308321,Not Provided,Not Provided,Image,https://s3.hpc.ut.ee/plutof-public/original/e35c4d0c-5945-4e22-80f9-2b277cbfc4e0.png,2023-06-26,2024-02-12
RavMarina,Italy,RavM2,2022-04-28,2022-07-25,ARMS_RavMarina_RavM2_20220428_20220725,6308332,Not Provided,Not Provided,Image,https://s3.hpc.ut.ee/plutof-public/original/101b78ea-185e-4a32-bd58-918567fce112.png,2023-06-26,2024-02-12
RavMarina,Italy,RavM2,2022-04-28,2022-07-25,ARMS_RavMarina_RavM2_20220428_20220725,6308334,Not Provided,Not Provided,Image,https://s3.hpc.ut.ee/plutof-public/original/506893e5-2f9f-4e77-acbc-3750cd3a8c62.png,2023-06-26,2024-02-12
RavMarina,Italy,RavM2,2022-04-28,2022-07-25,ARMS_RavMarina_RavM2_20220428_20220725,6308337,Not Provided,Not Provided,Image,https://s3.hpc.ut.ee/plutof-public/original/7559e974-1300-4bc4-87d9-c24ed602721c.png,2023-06-26,2024-02-12
RavMarina,Italy,RavM2,2022-04-28,2022-07-25,ARMS_RavMarina_RavM2_20220428_20220725,6308323,Not Provided,Not Provided,Image,https://s3.hpc.ut.ee/plutof-public/original/0849465d-f6d8-40cb-8554-cfb8c7f19b9c.png,2023-06-26,2024-02-12
RavMarina,Italy,RavM2,2022-04-28,2022-07-25,ARMS_RavMarina_RavM2_20220428_20220725,6308339,Not Provided,Not Provided,Image,https://s3.hpc.ut.ee/plutof-public/original/c5eb682e-c06c-44f9-8b2f-daedc8ac3c98.png,2023-06-26,2024-02-12
RavMarina,Italy,RavM2,2022-04-28,2022-07-25,ARMS_RavMarina_RavM2_20220428_20220725,6308325,Not Provided,Not Provided,Image,https://s3.hpc.ut.ee/plutof-public/original/e6eb197d-2106-4229-8afb-1c9912ddb2a8.png,2023-06-26,2024-02-12
RavMarina,Italy,RavM2,2022-04-28,2022-07-25,ARMS_RavMarina_RavM2_20220428_20220725,6308326,Not Provided,Not Provided,Image,https://s3.hpc.ut.ee/plutof-public/original/d67e6b72-fd52-41db-b096-988a7672afe8.png,2023-06-26,2024-02-12
RavMarina,Italy,RavM2,2022-04-28,2022-07-25,ARMS_RavMarina_RavM2_20220428_20220725,6308331,Not Provided,Not Provided,Image,https://s3.hpc.ut.ee/plutof-public/original/a0e58834-31bb-40e2-9a51-1ddd37999151.png,2023-06-26,2024-02-12
RavMarina,Italy,RavM2,2022-04-28,2022-07-25,ARMS_RavMarina_RavM2_20220428_20220725,6308333,Not Provided,Not Provided,Image,https://s3.hpc.ut.ee/plutof-public/original/a9b5c331-5a8a-47a1-bdec-719369b4989c.png,2023-06-26,2024-02-12
RavMarina,Italy,RavM2,2022-04-28,2022-07-25,ARMS_RavMarina_RavM2_20220428_20220725,6308324,Not Provided,Not Provided,Image,https://s3.hpc.ut.ee/plutof-public/original/438a9114-23eb-49c8-b6e0-286ce3ca2b7a.png,2023-06-26,2024-02-12
RavMarina,Italy,RavM2,2022-04-28,2022-07-25,ARMS_RavMarina_RavM2_20220428_20220725,6308330,Not Provided,Not Provided,Image,https://s3.hpc.ut.ee/plutof-public/original/dcd9ffbb-d661-463a-a9c4-6a82d036f078.png,2023-06-26,2024-02-12
RavMarina,Italy,RavM2,2022-04-28,2022-07-25,ARMS_RavMarina_RavM2_20220428_20220725,6323155,Not Provided,Not Provided,Image,https://s3.hpc.ut.ee/plutof-public/original/8fab192f-f872-44cc-a7f6-21c8d0867b9b.jpg,2023-06-26,2024-02-12
RavMarina,Italy,RavM2,2022-04-28,2022-07-25,ARMS_RavMarina_RavM2_20220428_20220725,6323154,Not Provided,Not Provided,Image,https://s3.hpc.ut.ee/plutof-public/original/095d4272-72c9-451c-ade5-93e0c23e178d.jpg,2023-06-26,2024-02-12
RavMarina,Italy,RavM2,2022-04-28,2022-07-25,ARMS_RavMarina_RavM2_20220428_20220725,6323153,Not Provided,Not Provided,Image,https://s3.hpc.ut.ee/plutof-public/original/549870e6-4f2c-4e9b-b49f-7f92529ea397.jpg,2023-06-26,2024-02-12
RavMarina,Italy,RavM2,2023-04-26,2023-07-26,ARMS_RavMarina_RavM2_20230426_20230726,6322597,Not Provided,Not Provided,Image,https://s3.hpc.ut.ee/plutof-public/original/81a43ca2-45e5-479f-ad2a-e8d82ae463a1.jpg,2023-08-03,2024-02-12
RavMarina,Italy,RavM2,2023-04-26,2023-07-26,ARMS_RavMarina_RavM2_20230426_20230726,6322599,Not Provided,Not Provided,Image,https://s3.hpc.ut.ee/plutof-public/original/7faa0cfd-c921-418f-be92-3733f8b0ca27.jpg,2023-08-03,2024-02-12
RavMarina,Italy,RavM2,2023-04-26,2023-07-26,ARMS_RavMarina_RavM2_20230426_20230726,6322598,Not Provided,Not Provided,Image,https://s3.hpc.ut.ee/plutof-public/original/8da077c6-7db5-4147-a366-55880ecad9a8.jpg,2023-08-03,2024-02-12
RavMarina,Italy,RavM2,2023-04-26,2023-07-26,ARMS_RavMarina_RavM2_20230426_20230726,6321905,Not Provided,Not Provided,Image,https://s3.hpc.ut.ee/plutof-public/original/b6148693-b34a-4560-a05d-a0d0801951b5.png,2023-08-03,2024-02-12
RavMarina,Italy,RavM2,2023-04-26,2023-07-26,ARMS_RavMarina_RavM2_20230426_20230726,6321906,Not Provided,Not Provided,Image,https://s3.hpc.ut.ee/plutof-public/original/130e9fcf-2c00-4bd8-850e-212851edd596.png,2023-08-03,2024-02-12
RavMarina,Italy,RavM2,2023-04-26,2023-07-26,ARMS_RavMarina_RavM2_20230426_20230726,6321907,Not Provided,Not Provided,Image,https://s3.hpc.ut.ee/plutof-public/original/d827ed7e-a3c5-4fb7-822d-5960eb6e56e6.png,2023-08-03,2024-02-12
RavMarina,Italy,RavM2,2023-04-26,2023-07-26,ARMS_RavMarina_RavM2_20230426_20230726,6321927,Not Provided,Not Provided,Image,https://s3.hpc.ut.ee/plutof-public/original/ceb73e34-c0fd-47e7-8d45-d5633e8f9e2f.png,2023-08-03,2024-02-12
RavMarina,Italy,RavM2,2023-04-26,2023-07-26,ARMS_RavMarina_RavM2_20230426_20230726,6321931,Not Provided,Not Provided,Image,https://s3.hpc.ut.ee/plutof-public/original/20b5f823-4df4-4eb4-8400-3c29e6d53833.png,2023-08-03,2024-02-12
RavMarina,Italy,RavM2,2023-04-26,2023-07-26,ARMS_RavMarina_RavM2_20230426_20230726,6321921,Not Provided,Not Provided,Image,https://s3.hpc.ut.ee/plutof-public/original/dffda25e-346a-43c7-98ce-42e2a3ca6466.png,2023-08-03,2024-02-12
RavMarina,Italy,RavM2,2023-04-26,2023-07-26,ARMS_RavMarina_RavM2_20230426_20230726,6321922,Not Provided,Not Provided,Image,https://s3.hpc.ut.ee/plutof-public/original/a07c54aa-4eb1-447f-854b-5572e57c559f.png,2023-08-03,2024-02-12
RavMarina,Italy,RavM2,2023-04-26,2023-07-26,ARMS_RavMarina_RavM2_20230426_20230726,6321923,Not Provided,Not Provided,Image,https://s3.hpc.ut.ee/plutof-public/original/7ad2a0b8-fd65-4066-af1f-1eefa2db7d82.png,2023-08-03,2024-02-12
RavMarina,Italy,RavM2,2023-04-26,2023-07-26,ARMS_RavMarina_RavM2_20230426_20230726,6321929,Not Provided,Not Provided,Image,https://s3.hpc.ut.ee/plutof-public/original/e6cc9c73-4119-4c37-8a39-3d633d450120.png,2023-08-03,2024-02-12
RavMarina,Italy,RavM2,2023-04-26,2023-07-26,ARMS_RavMarina_RavM2_20230426_20230726,6321924,Not Provided,Not Provided,Image,https://s3.hpc.ut.ee/plutof-public/original/6c576696-acb0-42a2-a9cd-05da979f4e43.png,2023-08-03,2024-02-12
RavMarina,Italy,RavM2,2023-04-26,2023-07-26,ARMS_RavMarina_RavM2_20230426_20230726,6321930,Not Provided,Not Provided,Image,https://s3.hpc.ut.ee/plutof-public/original/7f39ec96-6d64-4ee6-a3c6-b6c0f804a238.png,2023-08-03,2024-02-12
RavMarina,Italy,RavM2,2023-04-26,2023-07-26,ARMS_RavMarina_RavM2_20230426_20230726,6321926,Not Provided,Not Provided,Image,https://s3.hpc.ut.ee/plutof-public/original/f21b9c85-8d58-446f-8616-887e6cda49d6.png,2023-08-03,2024-02-12
RavMarina,Italy,RavM2,2023-04-26,2023-07-26,ARMS_RavMarina_RavM2_20230426_20230726,6321925,Not Provided,Not Provided,Image,https://s3.hpc.ut.ee/plutof-public/original/39506104-4d7f-4942-9904-d6a7f9d13445.png,2023-08-03,2024-02-12
RavMarina,Italy,RavM2,2023-04-26,2023-07-26,ARMS_RavMarina_RavM2_20230426_20230726,6321928,Not Provided,Not Provided,Image,https://s3.hpc.ut.ee/plutof-public/original/2ae97026-3968-4872-a8cf-b0a85a5f4194.png,2023-08-03,2024-02-12
RavMarina,Italy,RavM2,2023-04-26,2023-07-26,ARMS_RavMarina_RavM2_20230426_20230726,6321932,Not Provided,Not Provided,Image,https://s3.hpc.ut.ee/plutof-public/original/44c33a53-0a30-4a76-b527-ba0f7413f549.png,2023-08-03,2024-02-12
RavMarina,Italy,RavM2,2023-04-26,2023-07-26,ARMS_RavMarina_RavM2_20230426_20230726,6321933,Not Provided,Not Provided,Image,https://s3.hpc.ut.ee/plutof-public/original/4e65bc49-2537-48ee-85a7-d6dfff1b474a.png,2023-08-03,2024-02-12
RavMarina,Italy,RavM2,2023-04-26,2023-07-26,ARMS_RavMarina_RavM2_20230426_20230726,6321934,Not Provided,Not Provided,Image,https://s3.hpc.ut.ee/plutof-public/original/77317d08-2050-4d37-9b64-5c5f67896d6c.png,2023-08-03,2024-02-12
RavMarina,Italy,RavM2,2024-04-24,2024-07-30,ARMS_RavMarina_RavM2_20240424_20240730,7377576,Not Provided,Not Provided,Image,https://s3.hpc.ut.ee/plutof-public/original/224be6f7-329a-47d8-8876-0585eadd51e4.png,2024-10-12,2024-10-12
RavMarina,Italy,RavM2,2024-04-24,2024-07-30,ARMS_RavMarina_RavM2_20240424_20240730,7377574,Not Provided,Not Provided,Image,https://s3.hpc.ut.ee/plutof-public/original/ca6ea7f0-3aa0-47ca-a434-0b6b4b1baaa4.png,2024-10-12,2024-10-12
RavMarina,Italy,RavM2,2024-04-24,2024-07-30,ARMS_RavMarina_RavM2_20240424_20240730,7377575,Not Provided,Not Provided,Image,https://s3.hpc.ut.ee/plutof-public/original/b626448d-f749-4c71-a057-e5ba86418a64.png,2024-10-12,2024-10-12
RavMarina,Italy,RavM2,2024-04-24,2024-07-30,ARMS_RavMarina_RavM2_20240424_20240730,7377580,Not Provided,Not Provided,Image,https://s3.hpc.ut.ee/plutof-public/original/e760599b-0da4-43c5-9d08-3dff21ea5302.png,2024-10-12,2024-10-12
RavMarina,Italy,RavM2,2024-04-24,2024-07-30,ARMS_RavMarina_RavM2_20240424_20240730,7377585,Not Provided,Not Provided,Image,https://s3.hpc.ut.ee/plutof-public/original/e60e8319-98ed-4627-b61d-84da0a9f166f.png,2024-10-12,2024-10-12
RavMarina,Italy,RavM2,2024-04-24,2024-07-30,ARMS_RavMarina_RavM2_20240424_20240730,7377584,Not Provided,Not Provided,Image,https://s3.hpc.ut.ee/plutof-public/original/a5270196-1209-4066-9c1d-5c25b2ad3a0d.png,2024-10-12,2024-10-12
RavMarina,Italy,RavM2,2024-04-24,2024-07-30,ARMS_RavMarina_RavM2_20240424_20240730,7377573,Not Provided,Not Provided,Image,https://s3.hpc.ut.ee/plutof-public/original/4959d754-78c2-45bf-adfb-b6cedd8cdeb4.png,2024-10-12,2024-10-12
RavMarina,Italy,RavM2,2024-04-24,2024-07-30,ARMS_RavMarina_RavM2_20240424_20240730,7377579,Not Provided,Not Provided,Image,https://s3.hpc.ut.ee/plutof-public/original/0b428690-4cce-4f07-80bf-815246e81682.png,2024-10-12,2024-10-12
RavMarina,Italy,RavM2,2024-04-24,2024-07-30,ARMS_RavMarina_RavM2_20240424_20240730,7377582,Not Provided,Not Provided,Image,https://s3.hpc.ut.ee/plutof-public/original/a8d9e83b-47d3-4e26-a18d-8d88e477d94a.png,2024-10-12,2024-10-12
RavMarina,Italy,RavM2,2024-04-24,2024-07-30,ARMS_RavMarina_RavM2_20240424_20240730,7377578,Not Provided,Not Provided,Image,https://s3.hpc.ut.ee/plutof-public/original/497dc038-3db7-4172-9df4-afc9dcef6e02.png,2024-10-12,2024-10-12
RavMarina,Italy,RavM2,2024-04-24,2024-07-30,ARMS_RavMarina_RavM2_20240424_20240730,7377577,Not Provided,Not Provided,Image,https://s3.hpc.ut.ee/plutof-public/original/7e26558b-b98c-4e77-aeaf-8b47a6f56fad.png,2024-10-12,2024-10-12
RavMarina,Italy,RavM2,2024-04-24,2024-07-30,ARMS_RavMarina_RavM2_20240424_20240730,7377583,Not Provided,Not Provided,Image,https://s3.hpc.ut.ee/plutof-public/original/fe515c70-5b84-4ade-aced-64a7527c7530.png,2024-10-12,2024-10-12
RavMarina,Italy,RavM2,2024-04-24,2024-07-30,ARMS_RavMarina_RavM2_20240424_20240730,7377587,Not Provided,Not Provided,Image,https://s3.hpc.ut.ee/plutof-public/original/b28edf96-b755-452b-bece-15ac7c17d128.png,2024-10-12,2024-10-12
RavMarina,Italy,RavM2,2024-04-24,2024-07-30,ARMS_RavMarina_RavM2_20240424_20240730,7377588,Not Provided,Not Provided,Image,https://s3.hpc.ut.ee/plutof-public/original/21beb616-b308-4358-ae42-9de9f53c1039.png,2024-10-12,2024-10-12
RavMarina,Italy,RavM2,2024-04-24,2024-07-30,ARMS_RavMarina_RavM2_20240424_20240730,7377589,Not Provided,Not Provided,Image,https://s3.hpc.ut.ee/plutof-public/original/b9e7dcc7-795f-4731-b337-8b69e70575a4.png,2024-10-12,2024-10-12
RavMarina,Italy,RavM2,2024-04-24,2024-07-30,ARMS_RavMarina_RavM2_20240424_20240730,7377586,Not Provided,Not Provided,Image,https://s3.hpc.ut.ee/plutof-public/original/bac47224-cdc2-4925-98ea-c89a79b579d2.png,2024-10-12,2024-10-12
RavMarina,Italy,RavM2,2024-04-24,2024-07-30,ARMS_RavMarina_RavM2_20240424_20240730,7377581,Not Provided,Not Provided,Image,https://s3.hpc.ut.ee/plutof-public/original/ece55b7c-dbf1-4674-9982-55b0012c6d33.png,2024-10-12,2024-10-12
RavMarina,Italy,RavM1,2022-04-28,2022-07-25,ARMS_RavMarina_RavM1_20220428_20220725,6308263,Not Provided,Not Provided,Image,https://s3.hpc.ut.ee/plutof-public/original/a8a76e26-5535-4640-940c-f19657e2c844.png,2023-06-26,2024-02-12
RavMarina,Italy,RavM1,2022-04-28,2022-07-25,ARMS_RavMarina_RavM1_20220428_20220725,6308274,Not Provided,Not Provided,Image,https://s3.hpc.ut.ee/plutof-public/original/518f8c4d-5479-4d89-b376-b05cab0811df.png,2023-06-26,2024-02-12
RavMarina,Italy,RavM1,2022-04-28,2022-07-25,ARMS_RavMarina_RavM1_20220428_20220725,6308271,Not Provided,Not Provided,Image,https://s3.hpc.ut.ee/plutof-public/original/a613f94a-39d6-4cbc-ad5c-d6e383006b84.png,2023-06-26,2024-02-12
RavMarina,Italy,RavM1,2022-04-28,2022-07-25,ARMS_RavMarina_RavM1_20220428_20220725,6308273,Not Provided,Not Provided,Image,https://s3.hpc.ut.ee/plutof-public/original/d9df8142-552e-40f4-b1eb-659a76b4e6b6.png,2023-06-26,2024-02-12
RavMarina,Italy,RavM1,2022-04-28,2022-07-25,ARMS_RavMarina_RavM1_20220428_20220725,6308261,Not Provided,Not Provided,Image,https://s3.hpc.ut.ee/plutof-public/original/2601e165-3c78-4cb9-a4d4-a9892ea8e927.png,2023-06-26,2024-02-12
RavMarina,Italy,RavM1,2022-04-28,2022-07-25,ARMS_RavMarina_RavM1_20220428_20220725,6308277,Not Provided,Not Provided,Image,https://s3.hpc.ut.ee/plutof-public/original/1cdef138-e060-401c-9522-665dbc68f03f.png,2023-06-26,2024-02-12
RavMarina,Italy,RavM1,2022-04-28,2022-07-25,ARMS_RavMarina_RavM1_20220428_20220725,6308265,Not Provided,Not Provided,Image,https://s3.hpc.ut.ee/plutof-public/original/13c075dc-3698-4541-9a2e-eaf3f0104e35.png,2023-06-26,2024-02-12
RavMarina,Italy,RavM1,2022-04-28,2022-07-25,ARMS_RavMarina_RavM1_20220428_20220725,6308264,Not Provided,Not Provided,Image,https://s3.hpc.ut.ee/plutof-public/original/06c788a2-2547-4052-8f60-e3eb9f667b14.png,2023-06-26,2024-02-12
RavMarina,Italy,RavM1,2022-04-28,2022-07-25,ARMS_RavMarina_RavM1_20220428_20220725,6308269,Not Provided,Not Provided,Image,https://s3.hpc.ut.ee/plutof-public/original/970519cc-34b0-4946-bfb8-684f12bf4c43.png,2023-06-26,2024-02-12
RavMarina,Italy,RavM1,2022-04-28,2022-07-25,ARMS_RavMarina_RavM1_20220428_20220725,6308262,Not Provided,Not Provided,Image,https://s3.hpc.ut.ee/plutof-public/original/61ba76cf-a46f-4138-8a07-d3077089e5b4.png,2023-06-26,2024-02-12
RavMarina,Italy,RavM1,2022-04-28,2022-07-25,ARMS_RavMarina_RavM1_20220428_20220725,6308276,Not Provided,Not Provided,Image,https://s3.hpc.ut.ee/plutof-public/original/d05b334d-db32-408a-915d-d5547241eecd.png,2023-06-26,2024-02-12
RavMarina,Italy,RavM1,2022-04-28,2022-07-25,ARMS_RavMarina_RavM1_20220428_20220725,6308270,Not Provided,Not Provided,Image,https://s3.hpc.ut.ee/plutof-public/original/16895d08-cf9c-405c-8fab-a1eaf646240a.png,2023-06-26,2024-02-12
RavMarina,Italy,RavM1,2022-04-28,2022-07-25,ARMS_RavMarina_RavM1_20220428_20220725,6308275,Not Provided,Not Provided,Image,https://s3.hpc.ut.ee/plutof-public/original/08a938a8-a2ee-484d-b3dd-66eec20c06ea.png,2023-06-26,2024-02-12
RavMarina,Italy,RavM1,2022-04-28,2022-07-25,ARMS_RavMarina_RavM1_20220428_20220725,6308267,Not Provided,Not Provided,Image,https://s3.hpc.ut.ee/plutof-public/original/efd7d4d9-d294-4685-9651-1d0cf5db1aad.png,2023-06-26,2024-02-12
RavMarina,Italy,RavM1,2022-04-28,2022-07-25,ARMS_RavMarina_RavM1_20220428_20220725,6308272,Not Provided,Not Provided,Image,https://s3.hpc.ut.ee/plutof-public/original/fa3e64f0-3ed5-4e28-b97c-a4b0c5bf1d7d.png,2023-06-26,2024-02-12
RavMarina,Italy,RavM1,2022-04-28,2022-07-25,ARMS_RavMarina_RavM1_20220428_20220725,6308266,Not Provided,Not Provided,Image,https://s3.hpc.ut.ee/plutof-public/original/00a6746b-567e-445c-8821-3561a5da5970.png,2023-06-26,2024-02-12
RavMarina,Italy,RavM1,2022-04-28,2022-07-25,ARMS_RavMarina_RavM1_20220428_20220725,6308268,Not Provided,Not Provided,Image,https://s3.hpc.ut.ee/plutof-public/original/21eca928-b51e-4c6d-a8cc-513e476920b3.png,2023-06-26,2024-02-12
RavMarina,Italy,RavM1,2022-04-28,2022-07-25,ARMS_RavMarina_RavM1_20220428_20220725,6323150,Not Provided,Not Provided,Image,https://s3.hpc.ut.ee/plutof-public/original/07192c10-b5c3-454a-81d0-f54128e5a54f.jpg,2023-06-26,2024-02-12
RavMarina,Italy,RavM1,2022-04-28,2022-07-25,ARMS_RavMarina_RavM1_20220428_20220725,6323151,Not Provided,Not Provided,Image,https://s3.hpc.ut.ee/plutof-public/original/014ddebd-55e4-4674-840a-3eb97ae8d0da.jpg,2023-06-26,2024-02-12
RavMarina,Italy,RavM1,2022-04-28,2022-07-25,ARMS_RavMarina_RavM1_20220428_20220725,6323152,Not Provided,Not Provided,Image,https://s3.hpc.ut.ee/plutof-public/original/3b1e863b-fc83-4aad-9ab5-d5f701eedb1a.jpg,2023-06-26,2024-02-12
RavMarina,Italy,RavM1,2021-04-22,2021-07-22,ARMS_RavMarina_RavM1_20210422_20210722,5042415,Not Provided,Not Provided,Image,https://s3.hpc.ut.ee/plutof-public/original/b74cfa81-5bee-45cf-9fe2-2ad688969f44.heic,2021-04-22,2024-02-12
RavMarina,Italy,RavM1,2021-04-22,2021-07-22,ARMS_RavMarina_RavM1_20210422_20210722,6307762,Not Provided,Not Provided,Image,https://s3.hpc.ut.ee/plutof-public/original/4e39c09e-1851-487d-a0df-92b9ba451a2c.png,2021-04-22,2024-02-12
RavMarina,Italy,RavM1,2021-04-22,2021-07-22,ARMS_RavMarina_RavM1_20210422_20210722,6307766,Not Provided,Not Provided,Image,https://s3.hpc.ut.ee/plutof-public/original/aead4d4f-5006-4545-9c4a-09b782761455.png,2021-04-22,2024-02-12
RavMarina,Italy,RavM1,2021-04-22,2021-07-22,ARMS_RavMarina_RavM1_20210422_20210722,6307765,Not Provided,Not Provided,Image,https://s3.hpc.ut.ee/plutof-public/original/31fc5464-7417-49f9-aa2a-38516860faa6.png,2021-04-22,2024-02-12
RavMarina,Italy,RavM1,2021-04-22,2021-07-22,ARMS_RavMarina_RavM1_20210422_20210722,6307767,Not Provided,Not Provided,Image,https://s3.hpc.ut.ee/plutof-public/original/11e1083b-8aad-458f-bda6-e48c5061c0c9.png,2021-04-22,2024-02-12
RavMarina,Italy,RavM1,2021-04-22,2021-07-22,ARMS_RavMarina_RavM1_20210422_20210722,6307764,Not Provided,Not Provided,Image,https://s3.hpc.ut.ee/plutof-public/original/da138331-17e3-416c-bb73-22117f21a13e.png,2021-04-22,2024-02-12
RavMarina,Italy,RavM1,2021-04-22,2021-07-22,ARMS_RavMarina_RavM1_20210422_20210722,6307761,Not Provided,Not Provided,Image,https://s3.hpc.ut.ee/plutof-public/original/9f2e8666-9bdd-45db-9ce5-e8f2c21fe6e7.png,2021-04-22,2024-02-12
RavMarina,Italy,RavM1,2021-04-22,2021-07-22,ARMS_RavMarina_RavM1_20210422_20210722,6307772,Not Provided,Not Provided,Image,https://s3.hpc.ut.ee/plutof-public/original/c4814f04-aac7-4c8c-9bd3-bc65aec1154d.png,2021-04-22,2024-02-12
RavMarina,Italy,RavM1,2021-04-22,2021-07-22,ARMS_RavMarina_RavM1_20210422_20210722,6307771,Not Provided,Not Provided,Image,https://s3.hpc.ut.ee/plutof-public/original/7e011343-e08b-4fb8-891b-f55befd6f2cf.png,2021-04-22,2024-02-12
RavMarina,Italy,RavM1,2021-04-22,2021-07-22,ARMS_RavMarina_RavM1_20210422_20210722,6307759,Not Provided,Not Provided,Image,https://s3.hpc.ut.ee/plutof-public/original/dfb0edc3-99d4-4b30-8c98-52ec09b687f1.png,2021-04-22,2024-02-12
RavMarina,Italy,RavM1,2021-04-22,2021-07-22,ARMS_RavMarina_RavM1_20210422_20210722,6307760,Not Provided,Not Provided,Image,https://s3.hpc.ut.ee/plutof-public/original/d8bc3b53-8c60-4745-900b-cd014096259a.png,2021-04-22,2024-02-12
RavMarina,Italy,RavM1,2021-04-22,2021-07-22,ARMS_RavMarina_RavM1_20210422_20210722,6307769,Not Provided,Not Provided,Image,https://s3.hpc.ut.ee/plutof-public/original/afb30f58-5c5c-45dc-84ae-fc69571c84ef.png,2021-04-22,2024-02-12
RavMarina,Italy,RavM1,2021-04-22,2021-07-22,ARMS_RavMarina_RavM1_20210422_20210722,6307763,Not Provided,Not Provided,Image,https://s3.hpc.ut.ee/plutof-public/original/63212191-23ec-44a7-be76-6be3003225db.png,2021-04-22,2024-02-12
RavMarina,Italy,RavM1,2021-04-22,2021-07-22,ARMS_RavMarina_RavM1_20210422_20210722,6307774,Not Provided,Not Provided,Image,https://s3.hpc.ut.ee/plutof-public/original/2793fce9-e015-40d4-8c8f-5eb4a2e7f35f.png,2021-04-22,2024-02-12
RavMarina,Italy,RavM1,2021-04-22,2021-07-22,ARMS_RavMarina_RavM1_20210422_20210722,6307775,Not Provided,Not Provided,Image,https://s3.hpc.ut.ee/plutof-public/original/a5ca45f1-9687-43c1-93f5-4a124cb7d1df.png,2021-04-22,2024-02-12
RavMarina,Italy,RavM1,2021-04-22,2021-07-22,ARMS_RavMarina_RavM1_20210422_20210722,6307758,Not Provided,Not Provided,Image,https://s3.hpc.ut.ee/plutof-public/original/86118c7f-7ffd-4094-8546-080dc2a6d71f.png,2021-04-22,2024-02-12
RavMarina,Italy,RavM1,2021-04-22,2021-07-22,ARMS_RavMarina_RavM1_20210422_20210722,6322618,Not Provided,Not Provided,Image,https://s3.hpc.ut.ee/plutof-public/original/28313fd5-f175-442f-a226-f972a15a7ca3.jpg,2021-04-22,2024-02-12
RavMarina,Italy,RavM1,2021-04-22,2021-07-22,ARMS_RavMarina_RavM1_20210422_20210722,6322619,Not Provided,Not Provided,Image,https://s3.hpc.ut.ee/plutof-public/original/c8ba7e10-bc36-4aed-8d1f-f77659dabb17.jpg,2021-04-22,2024-02-12
RavMarina,Italy,RavM1,2021-04-22,2021-07-22,ARMS_RavMarina_RavM1_20210422_20210722,6322620,Not Provided,Not Provided,Image,https://s3.hpc.ut.ee/plutof-public/original/1ccd12d8-f959-4a4c-bbfa-b46b4f1e7b50.jpg,2021-04-22,2024-02-12
RavMarina,Italy,RavM1,2021-04-22,2021-07-22,ARMS_RavMarina_RavM1_20210422_20210722,6322617,Not Provided,Not Provided,Image,https://s3.hpc.ut.ee/plutof-public/original/234019a4-3e3d-4ff5-a197-8009ced98777.jpg,2021-04-22,2024-02-12
RavMarina,Italy,RavM1,2021-04-22,2021-07-22,ARMS_RavMarina_RavM1_20210422_20210722,6307770,Not Provided,Not Provided,Image,https://s3.hpc.ut.ee/plutof-public/original/ab82c9d9-bb44-45f8-86ad-986e321ffc82.png,2021-04-22,2024-02-12
RavMarina,Italy,RavM1,2021-04-22,2021-07-22,ARMS_RavMarina_RavM1_20210422_20210722,6307773,Not Provided,Not Provided,Image,https://s3.hpc.ut.ee/plutof-public/original/91e2f2f9-c900-48e0-90c5-8db383db48a4.png,2021-04-22,2024-02-12
RavMarina,Italy,RavM1,2023-04-26,2023-07-26,ARMS_RavMarina_RavM1_20230426_20230726,6322594,Not Provided,Not Provided,Image,https://s3.hpc.ut.ee/plutof-public/original/2dee12dc-1abc-4cb1-ba0f-db3ae5d1a473.jpg,2023-08-03,2024-02-12
RavMarina,Italy,RavM1,2023-04-26,2023-07-26,ARMS_RavMarina_RavM1_20230426_20230726,6322596,Not Provided,Not Provided,Image,https://s3.hpc.ut.ee/plutof-public/original/80bde9eb-33d9-4451-8ddb-092b43c3fcc4.jpg,2023-08-03,2024-02-12
RavMarina,Italy,RavM1,2023-04-26,2023-07-26,ARMS_RavMarina_RavM1_20230426_20230726,6322595,Not Provided,Not Provided,Image,https://s3.hpc.ut.ee/plutof-public/original/e87fcca9-a633-4244-b7fa-8df171e27ecc.jpg,2023-08-03,2024-02-12
RavMarina,Italy,RavM1,2023-04-26,2023-07-26,ARMS_RavMarina_RavM1_20230426_20230726,6321735,Not Provided,Not Provided,Image,https://s3.hpc.ut.ee/plutof-public/original/e4df78ed-d3c8-48c8-9702-440aa01c18eb.png,2023-08-03,2024-02-12
RavMarina,Italy,RavM1,2023-04-26,2023-07-26,ARMS_RavMarina_RavM1_20230426_20230726,6321747,Not Provided,Not Provided,Image,https://s3.hpc.ut.ee/plutof-public/original/e2350807-917e-483c-9420-fa15a1230a8e.png,2023-08-03,2024-02-12
RavMarina,Italy,RavM1,2023-04-26,2023-07-26,ARMS_RavMarina_RavM1_20230426_20230726,6321740,Not Provided,Not Provided,Image,https://s3.hpc.ut.ee/plutof-public/original/dd9b7ee9-f994-4ec7-9067-3297318cb98b.png,2023-08-03,2024-02-12
RavMarina,Italy,RavM1,2023-04-26,2023-07-26,ARMS_RavMarina_RavM1_20230426_20230726,6321731,Not Provided,Not Provided,Image,https://s3.hpc.ut.ee/plutof-public/original/3b05bc29-33ec-48b8-848b-be17a0822d79.png,2023-08-03,2024-02-12
RavMarina,Italy,RavM1,2023-04-26,2023-07-26,ARMS_RavMarina_RavM1_20230426_20230726,6321734,Not Provided,Not Provided,Image,https://s3.hpc.ut.ee/plutof-public/original/44e5ac90-de42-4fe5-8318-88cb1142ebbd.png,2023-08-03,2024-02-12
RavMarina,Italy,RavM1,2023-04-26,2023-07-26,ARMS_RavMarina_RavM1_20230426_20230726,6321729,Not Provided,Not Provided,Image,https://s3.hpc.ut.ee/plutof-public/original/25aad0aa-a6a7-4939-8e46-013b1c698294.png,2023-08-03,2024-02-12
RavMarina,Italy,RavM1,2023-04-26,2023-07-26,ARMS_RavMarina_RavM1_20230426_20230726,6321743,Not Provided,Not Provided,Image,https://s3.hpc.ut.ee/plutof-public/original/12b488fd-ba30-4ad6-ac5c-968b79f9b242.png,2023-08-03,2024-02-12
RavMarina,Italy,RavM1,2023-04-26,2023-07-26,ARMS_RavMarina_RavM1_20230426_20230726,6321730,Not Provided,Not Provided,Image,https://s3.hpc.ut.ee/plutof-public/original/0bcc7936-e04d-4190-a5ea-c22c0ec12bd9.png,2023-08-03,2024-02-12
RavMarina,Italy,RavM1,2023-04-26,2023-07-26,ARMS_RavMarina_RavM1_20230426_20230726,6321738,Not Provided,Not Provided,Image,https://s3.hpc.ut.ee/plutof-public/original/efa5024d-53bb-4e3e-9bf9-a3c28675a565.png,2023-08-03,2024-02-12
RavMarina,Italy,RavM1,2023-04-26,2023-07-26,ARMS_RavMarina_RavM1_20230426_20230726,6321733,Not Provided,Not Provided,Image,https://s3.hpc.ut.ee/plutof-public/original/4b9c7003-7d94-43ef-9d93-a421255f65db.png,2023-08-03,2024-02-12
RavMarina,Italy,RavM1,2023-04-26,2023-07-26,ARMS_RavMarina_RavM1_20230426_20230726,6321732,Not Provided,Not Provided,Image,https://s3.hpc.ut.ee/plutof-public/original/90986645-332c-4660-b224-273fe915c228.png,2023-08-03,2024-02-12
RavMarina,Italy,RavM1,2023-04-26,2023-07-26,ARMS_RavMarina_RavM1_20230426_20230726,6321745,Not Provided,Not Provided,Image,https://s3.hpc.ut.ee/plutof-public/original/111bef23-d790-4d35-b7ca-263bac2b8438.png,2023-08-03,2024-02-12
RavMarina,Italy,RavM1,2023-04-26,2023-07-26,ARMS_RavMarina_RavM1_20230426_20230726,6321739,Not Provided,Not Provided,Image,https://s3.hpc.ut.ee/plutof-public/original/3e063d43-bbf5-4b4c-a11b-d013ed7e0b9e.png,2023-08-03,2024-02-12
RavMarina,Italy,RavM1,2023-04-26,2023-07-26,ARMS_RavMarina_RavM1_20230426_20230726,6321741,Not Provided,Not Provided,Image,https://s3.hpc.ut.ee/plutof-public/original/f4c16160-c6ec-47a3-b3de-0ce69f866552.png,2023-08-03,2024-02-12
RavMarina,Italy,RavM1,2023-04-26,2023-07-26,ARMS_RavMarina_RavM1_20230426_20230726,6321736,Not Provided,Not Provided,Image,https://s3.hpc.ut.ee/plutof-public/original/aec18465-b49a-4e28-a9bb-d64b8438dc22.png,2023-08-03,2024-02-12
RavMarina,Italy,RavM1,2023-04-26,2023-07-26,ARMS_RavMarina_RavM1_20230426_20230726,6321766,Not Provided,Not Provided,Image,https://s3.hpc.ut.ee/plutof-public/original/70559c72-b393-438d-aaf2-d6e125514eb1.png,2023-08-03,2024-02-12
RavMarina,Italy,RavM1,2023-04-26,2023-07-26,ARMS_RavMarina_RavM1_20230426_20230726,6321765,Not Provided,Not Provided,Image,https://s3.hpc.ut.ee/plutof-public/original/df61082c-2e83-4094-ab3d-17a2d85d2d2f.png,2023-08-03,2024-02-12
RavMarina,Italy,RavM1,2024-04-24,2024-07-30,ARMS_RavMarina_RavM1_20240424_20240730,7377558,Not Provided,Not Provided,Image,https://s3.hpc.ut.ee/plutof-public/original/b017c13a-5b2f-4d48-8f59-acf49f46b5d6.png,2024-10-12,2024-10-12
RavMarina,Italy,RavM1,2024-04-24,2024-07-30,ARMS_RavMarina_RavM1_20240424_20240730,7377557,Not Provided,Not Provided,Image,https://s3.hpc.ut.ee/plutof-public/original/8e705f0b-95ef-483c-8d1b-01460e45ccba.png,2024-10-12,2024-10-12
RavMarina,Italy,RavM1,2024-04-24,2024-07-30,ARMS_RavMarina_RavM1_20240424_20240730,7377560,Not Provided,Not Provided,Image,https://s3.hpc.ut.ee/plutof-public/original/f03caf7a-94cb-463b-8e69-f4feefcc0491.png,2024-10-12,2024-10-12
RavMarina,Italy,RavM1,2024-04-24,2024-07-30,ARMS_RavMarina_RavM1_20240424_20240730,7377556,Not Provided,Not Provided,Image,https://s3.hpc.ut.ee/plutof-public/original/6fdffbae-dd84-4f5f-b036-7c267ba953a0.png,2024-10-12,2024-10-12
RavMarina,Italy,RavM1,2024-04-24,2024-07-30,ARMS_RavMarina_RavM1_20240424_20240730,7377559,Not Provided,Not Provided,Image,https://s3.hpc.ut.ee/plutof-public/original/751e06aa-37a5-4858-998a-e40e64a708d0.png,2024-10-12,2024-10-12
RavMarina,Italy,RavM1,2024-04-24,2024-07-30,ARMS_RavMarina_RavM1_20240424_20240730,7377562,Not Provided,Not Provided,Image,https://s3.hpc.ut.ee/plutof-public/original/e792c7d8-3d6e-488d-b8ca-43ace97697b7.png,2024-10-12,2024-10-12
RavMarina,Italy,RavM1,2024-04-24,2024-07-30,ARMS_RavMarina_RavM1_20240424_20240730,7377566,Not Provided,Not Provided,Image,https://s3.hpc.ut.ee/plutof-public/original/30c19ead-9da7-411c-8b67-df0c5f0dead0.png,2024-10-12,2024-10-12
RavMarina,Italy,RavM1,2024-04-24,2024-07-30,ARMS_RavMarina_RavM1_20240424_20240730,7377563,Not Provided,Not Provided,Image,https://s3.hpc.ut.ee/plutof-public/original/fdd94cef-18c1-4e6d-a985-80b93bb34708.png,2024-10-12,2024-10-12
RavMarina,Italy,RavM1,2024-04-24,2024-07-30,ARMS_RavMarina_RavM1_20240424_20240730,7377564,Not Provided,Not Provided,Image,https://s3.hpc.ut.ee/plutof-public/original/087ca15b-5267-46f4-8b72-a29bf12a8d66.png,2024-10-12,2024-10-12
RavMarina,Italy,RavM1,2024-04-24,2024-07-30,ARMS_RavMarina_RavM1_20240424_20240730,7377569,Not Provided,Not Provided,Image,https://s3.hpc.ut.ee/plutof-public/original/4b9d0c54-1732-4c3c-be6e-81452e50c58f.png,2024-10-12,2024-10-12
RavMarina,Italy,RavM1,2024-04-24,2024-07-30,ARMS_RavMarina_RavM1_20240424_20240730,7377567,Not Provided,Not Provided,Image,https://s3.hpc.ut.ee/plutof-public/original/adf82e08-ee0e-4d5f-9a06-452febad42b8.png,2024-10-12,2024-10-12
RavMarina,Italy,RavM1,2024-04-24,2024-07-30,ARMS_RavMarina_RavM1_20240424_20240730,7377570,Not Provided,Not Provided,Image,https://s3.hpc.ut.ee/plutof-public/original/6266b52c-9579-4671-af6e-1ab8d4d7ef88.png,2024-10-12,2024-10-12
RavMarina,Italy,RavM1,2024-04-24,2024-07-30,ARMS_RavMarina_RavM1_20240424_20240730,7377565,Not Provided,Not Provided,Image,https://s3.hpc.ut.ee/plutof-public/original/693588c3-c90f-4ff1-b882-223dc1b0a3cb.png,2024-10-12,2024-10-12
RavMarina,Italy,RavM1,2024-04-24,2024-07-30,ARMS_RavMarina_RavM1_20240424_20240730,7377571,Not Provided,Not Provided,Image,https://s3.hpc.ut.ee/plutof-public/original/e521e80d-cab6-42ae-9364-8d078d367f77.png,2024-10-12,2024-10-12
RavMarina,Italy,RavM1,2024-04-24,2024-07-30,ARMS_RavMarina_RavM1_20240424_20240730,7377568,Not Provided,Not Provided,Image,https://s3.hpc.ut.ee/plutof-public/original/e10edff4-dd09-4713-9a84-7921094fcb77.png,2024-10-12,2024-10-12
RavMarina,Italy,RavM1,2024-04-24,2024-07-30,ARMS_RavMarina_RavM1_20240424_20240730,7377561,Not Provided,Not Provided,Image,https://s3.hpc.ut.ee/plutof-public/original/64208b9c-ad6d-44ba-9949-70ba21231479.png,2024-10-12,2024-10-12
RavMarina,Italy,RavM1,2024-04-24,2024-07-30,ARMS_RavMarina_RavM1_20240424_20240730,7377572,Not Provided,Not Provided,Image,https://s3.hpc.ut.ee/plutof-public/original/6f6f85cf-9da7-4048-bac8-1a9a6c86c009.png,2024-10-12,2024-10-12
RavMarina,Italy,RavM3,2022-04-28,2022-07-25,ARMS_RavMarina_RavM3_20220428_20220725,6308358,Not Provided,Not Provided,Image,https://s3.hpc.ut.ee/plutof-public/original/efa7d947-4934-4cd9-9a2f-c2589af427d5.png,2023-06-26,2024-02-12
RavMarina,Italy,RavM3,2022-04-28,2022-07-25,ARMS_RavMarina_RavM3_20220428_20220725,6308352,Not Provided,Not Provided,Image,https://s3.hpc.ut.ee/plutof-public/original/a15daeb7-e355-460b-821d-018b4e3518a4.png,2023-06-26,2024-02-12
RavMarina,Italy,RavM3,2022-04-28,2022-07-25,ARMS_RavMarina_RavM3_20220428_20220725,6308353,Not Provided,Not Provided,Image,https://s3.hpc.ut.ee/plutof-public/original/a0b799d9-40c9-4e38-ac57-f98c9c89d005.png,2023-06-26,2024-02-12
RavMarina,Italy,RavM3,2022-04-28,2022-07-25,ARMS_RavMarina_RavM3_20220428_20220725,6308354,Not Provided,Not Provided,Image,https://s3.hpc.ut.ee/plutof-public/original/edcdef6d-fca4-48f5-be4a-4f25606dd4da.png,2023-06-26,2024-02-12
RavMarina,Italy,RavM3,2022-04-28,2022-07-25,ARMS_RavMarina_RavM3_20220428_20220725,6308351,Not Provided,Not Provided,Image,https://s3.hpc.ut.ee/plutof-public/original/523b9617-e7ed-421c-8353-c3671c1dd3e8.png,2023-06-26,2024-02-12
RavMarina,Italy,RavM3,2022-04-28,2022-07-25,ARMS_RavMarina_RavM3_20220428_20220725,6308357,Not Provided,Not Provided,Image,https://s3.hpc.ut.ee/plutof-public/original/d0a07bcf-8c54-43d1-aa81-c957fec19713.png,2023-06-26,2024-02-12
RavMarina,Italy,RavM3,2022-04-28,2022-07-25,ARMS_RavMarina_RavM3_20220428_20220725,6308360,Not Provided,Not Provided,Image,https://s3.hpc.ut.ee/plutof-public/original/dffb8bea-aa85-4e16-966c-86e5b7e74cd1.png,2023-06-26,2024-02-12
RavMarina,Italy,RavM3,2022-04-28,2022-07-25,ARMS_RavMarina_RavM3_20220428_20220725,6308355,Not Provided,Not Provided,Image,https://s3.hpc.ut.ee/plutof-public/original/38070712-9246-4dc1-b321-4d2b65be2e90.png,2023-06-26,2024-02-12
RavMarina,Italy,RavM3,2022-04-28,2022-07-25,ARMS_RavMarina_RavM3_20220428_20220725,6308363,Not Provided,Not Provided,Image,https://s3.hpc.ut.ee/plutof-public/original/7c44a4f0-5073-42b3-b6d3-cb8d3e2cc3b3.png,2023-06-26,2024-02-12
RavMarina,Italy,RavM3,2022-04-28,2022-07-25,ARMS_RavMarina_RavM3_20220428_20220725,6308362,Not Provided,Not Provided,Image,https://s3.hpc.ut.ee/plutof-public/original/22f374d9-99d0-40d8-8ab6-9724fd7b6339.png,2023-06-26,2024-02-12
RavMarina,Italy,RavM3,2022-04-28,2022-07-25,ARMS_RavMarina_RavM3_20220428_20220725,6308364,Not Provided,Not Provided,Image,https://s3.hpc.ut.ee/plutof-public/original/20619809-20ff-4dfd-8b46-5d684b964e6c.png,2023-06-26,2024-02-12
RavMarina,Italy,RavM3,2022-04-28,2022-07-25,ARMS_RavMarina_RavM3_20220428_20220725,6308361,Not Provided,Not Provided,Image,https://s3.hpc.ut.ee/plutof-public/original/4340f72c-df27-4ff7-a8c2-7b516df3a318.png,2023-06-26,2024-02-12
RavMarina,Italy,RavM3,2022-04-28,2022-07-25,ARMS_RavMarina_RavM3_20220428_20220725,6308348,Not Provided,Not Provided,Image,https://s3.hpc.ut.ee/plutof-public/original/fbf70d79-30ac-4b2e-9b4e-cea4a7ac31be.png,2023-06-26,2024-02-12
RavMarina,Italy,RavM3,2022-04-28,2022-07-25,ARMS_RavMarina_RavM3_20220428_20220725,6308359,Not Provided,Not Provided,Image,https://s3.hpc.ut.ee/plutof-public/original/a346be9a-23fa-49e3-b5e2-88d43ca9607f.png,2023-06-26,2024-02-12
RavMarina,Italy,RavM3,2022-04-28,2022-07-25,ARMS_RavMarina_RavM3_20220428_20220725,6308356,Not Provided,Not Provided,Image,https://s3.hpc.ut.ee/plutof-public/original/41e41e7d-0c66-43a1-8d1d-eb24233eef3f.png,2023-06-26,2024-02-12
RavMarina,Italy,RavM3,2022-04-28,2022-07-25,ARMS_RavMarina_RavM3_20220428_20220725,6308349,Not Provided,Not Provided,Image,https://s3.hpc.ut.ee/plutof-public/original/824aa7d3-d955-487f-b485-21b1d83366da.png,2023-06-26,2024-02-12
RavMarina,Italy,RavM3,2022-04-28,2022-07-25,ARMS_RavMarina_RavM3_20220428_20220725,6308350,Not Provided,Not Provided,Image,https://s3.hpc.ut.ee/plutof-public/original/3aec3332-5d83-414b-8d2d-8e89d000e2e8.png,2023-06-26,2024-02-12
RavMarina,Italy,RavM3,2022-04-28,2022-07-25,ARMS_RavMarina_RavM3_20220428_20220725,6323156,Not Provided,Not Provided,Image,https://s3.hpc.ut.ee/plutof-public/original/32379466-165c-4ee4-9c11-85d9f4646019.jpg,2023-06-26,2024-02-12
RavMarina,Italy,RavM3,2022-04-28,2022-07-25,ARMS_RavMarina_RavM3_20220428_20220725,6323157,Not Provided,Not Provided,Image,https://s3.hpc.ut.ee/plutof-public/original/07d589e6-cec8-4a3c-aadd-542500544153.jpg,2023-06-26,2024-02-12
RavMarina,Italy,RavM3,2022-04-28,2022-07-25,ARMS_RavMarina_RavM3_20220428_20220725,6323158,Not Provided,Not Provided,Image,https://s3.hpc.ut.ee/plutof-public/original/c52744a9-903e-4148-9c88-15a6347a5ff1.jpg,2023-06-26,2024-02-12
RavMarina,Italy,RavM3,2023-04-26,2023-07-26,ARMS_RavMarina_RavM3_20230426_20230726,6322602,Not Provided,Not Provided,Image,https://s3.hpc.ut.ee/plutof-public/original/005ccd76-acd0-44d4-a9ac-b716edc36798.jpg,2023-08-03,2024-02-12
RavMarina,Italy,RavM3,2023-04-26,2023-07-26,ARMS_RavMarina_RavM3_20230426_20230726,6322601,Not Provided,Not Provided,Image,https://s3.hpc.ut.ee/plutof-public/original/0d744f45-6d55-4130-99f0-92c3afd23ffa.jpg,2023-08-03,2024-02-12
RavMarina,Italy,RavM3,2023-04-26,2023-07-26,ARMS_RavMarina_RavM3_20230426_20230726,6322600,Not Provided,Not Provided,Image,https://s3.hpc.ut.ee/plutof-public/original/8859073a-a9a2-4bda-8817-6ec8139e64f7.jpg,2023-08-03,2024-02-12
RavMarina,Italy,RavM3,2023-04-26,2023-07-26,ARMS_RavMarina_RavM3_20230426_20230726,6321792,Not Provided,Not Provided,Image,https://s3.hpc.ut.ee/plutof-public/original/67f53d99-c62e-48f4-af87-4bee830c2391.png,2023-08-03,2024-02-12
RavMarina,Italy,RavM3,2023-04-26,2023-07-26,ARMS_RavMarina_RavM3_20230426_20230726,6321793,Not Provided,Not Provided,Image,https://s3.hpc.ut.ee/plutof-public/original/e1f3a1c6-5b90-4079-8f6d-0a1fddd192a4.png,2023-08-03,2024-02-12
RavMarina,Italy,RavM3,2023-04-26,2023-07-26,ARMS_RavMarina_RavM3_20230426_20230726,6321794,Not Provided,Not Provided,Image,https://s3.hpc.ut.ee/plutof-public/original/d7d7d9d6-4548-45dc-ad66-44a180d5426e.png,2023-08-03,2024-02-12
RavMarina,Italy,RavM3,2023-04-26,2023-07-26,ARMS_RavMarina_RavM3_20230426_20230726,6321796,Not Provided,Not Provided,Image,https://s3.hpc.ut.ee/plutof-public/original/d7d74dfb-3c9b-4fc5-b68d-a562c64b6708.png,2023-08-03,2024-02-12
RavMarina,Italy,RavM3,2023-04-26,2023-07-26,ARMS_RavMarina_RavM3_20230426_20230726,6321804,Not Provided,Not Provided,Image,https://s3.hpc.ut.ee/plutof-public/original/16aa7724-30cc-4ef7-adc7-9b18f0026680.png,2023-08-03,2024-02-12
RavMarina,Italy,RavM3,2023-04-26,2023-07-26,ARMS_RavMarina_RavM3_20230426_20230726,6321797,Not Provided,Not Provided,Image,https://s3.hpc.ut.ee/plutof-public/original/e444ae38-763c-47ed-80fb-02bafa6587fe.png,2023-08-03,2024-02-12
RavMarina,Italy,RavM3,2023-04-26,2023-07-26,ARMS_RavMarina_RavM3_20230426_20230726,6321795,Not Provided,Not Provided,Image,https://s3.hpc.ut.ee/plutof-public/original/9b4a40b3-9374-4af5-bb0c-aedfe85d63f8.png,2023-08-03,2024-02-12
RavMarina,Italy,RavM3,2023-04-26,2023-07-26,ARMS_RavMarina_RavM3_20230426_20230726,6321803,Not Provided,Not Provided,Image,https://s3.hpc.ut.ee/plutof-public/original/45b64d6a-5aaa-49e2-af0d-91ade9606180.png,2023-08-03,2024-02-12
RavMarina,Italy,RavM3,2023-04-26,2023-07-26,ARMS_RavMarina_RavM3_20230426_20230726,6321800,Not Provided,Not Provided,Image,https://s3.hpc.ut.ee/plutof-public/original/c2680f9a-3cff-4ca0-bf04-ecaf21c3b555.png,2023-08-03,2024-02-12
RavMarina,Italy,RavM3,2023-04-26,2023-07-26,ARMS_RavMarina_RavM3_20230426_20230726,6321810,Not Provided,Not Provided,Image,https://s3.hpc.ut.ee/plutof-public/original/b26045e7-015e-4592-86bc-4624c550f1d7.png,2023-08-03,2024-02-12
RavMarina,Italy,RavM3,2023-04-26,2023-07-26,ARMS_RavMarina_RavM3_20230426_20230726,6321801,Not Provided,Not Provided,Image,https://s3.hpc.ut.ee/plutof-public/original/00f2355e-e2e4-4c66-bd8b-47e1cc49e406.png,2023-08-03,2024-02-12
RavMarina,Italy,RavM3,2023-04-26,2023-07-26,ARMS_RavMarina_RavM3_20230426_20230726,6321802,Not Provided,Not Provided,Image,https://s3.hpc.ut.ee/plutof-public/original/fbcac60c-4a88-4867-9979-4aaf25ff39b7.png,2023-08-03,2024-02-12
RavMarina,Italy,RavM3,2023-04-26,2023-07-26,ARMS_RavMarina_RavM3_20230426_20230726,6321811,Not Provided,Not Provided,Image,https://s3.hpc.ut.ee/plutof-public/original/eda74428-7d3b-4c5b-a7e5-cf0f1f74fdfe.png,2023-08-03,2024-02-12
RavMarina,Italy,RavM3,2023-04-26,2023-07-26,ARMS_RavMarina_RavM3_20230426_20230726,6321816,Not Provided,Not Provided,Image,https://s3.hpc.ut.ee/plutof-public/original/0b3e3471-78bc-4c8e-9767-8ae1bfcbfd0d.png,2023-08-03,2024-02-12
RavMarina,Italy,RavM3,2023-04-26,2023-07-26,ARMS_RavMarina_RavM3_20230426_20230726,6321812,Not Provided,Not Provided,Image,https://s3.hpc.ut.ee/plutof-public/original/ce871acf-df62-4f73-9fab-fab5876cf9be.png,2023-08-03,2024-02-12
RavMarina,Italy,RavM3,2023-04-26,2023-07-26,ARMS_RavMarina_RavM3_20230426_20230726,6321818,Not Provided,Not Provided,Image,https://s3.hpc.ut.ee/plutof-public/original/b30b7ed2-52e4-4a67-968e-172314b9b6b8.png,2023-08-03,2024-02-12
RavMarina,Italy,RavM3,2023-04-26,2023-07-26,ARMS_RavMarina_RavM3_20230426_20230726,6321817,Not Provided,Not Provided,Image,https://s3.hpc.ut.ee/plutof-public/original/b25d3610-1875-492f-b826-0945356f30cc.png,2023-08-03,2024-02-12
RavMarina,Italy,RavM3,2021-04-22,2021-07-22,ARMS_RavMarina_RavM3_20210422_20210722,6307841,Not Provided,Not Provided,Image,https://s3.hpc.ut.ee/plutof-public/original/18fab1d1-027d-4e93-978e-5bb151b5653f.png,2021-04-22,2024-02-12
RavMarina,Italy,RavM3,2021-04-22,2021-07-22,ARMS_RavMarina_RavM3_20210422_20210722,6307846,Not Provided,Not Provided,Image,https://s3.hpc.ut.ee/plutof-public/original/998f4c8b-cf66-4165-9805-e9c00cb0cadb.png,2021-04-22,2024-02-12
RavMarina,Italy,RavM3,2021-04-22,2021-07-22,ARMS_RavMarina_RavM3_20210422_20210722,6307842,Not Provided,Not Provided,Image,https://s3.hpc.ut.ee/plutof-public/original/656c5254-6a03-4ed3-a5de-e9e34b570dfc.png,2021-04-22,2024-02-12
RavMarina,Italy,RavM3,2021-04-22,2021-07-22,ARMS_RavMarina_RavM3_20210422_20210722,6307835,Not Provided,Not Provided,Image,https://s3.hpc.ut.ee/plutof-public/original/d5726ca0-34eb-4430-92ef-36fa889c4a61.png,2021-04-22,2024-02-12
RavMarina,Italy,RavM3,2021-04-22,2021-07-22,ARMS_RavMarina_RavM3_20210422_20210722,6307837,Not Provided,Not Provided,Image,https://s3.hpc.ut.ee/plutof-public/original/0a8f3dfe-03c7-4c7b-8e30-c57948725fa6.png,2021-04-22,2024-02-12
RavMarina,Italy,RavM3,2021-04-22,2021-07-22,ARMS_RavMarina_RavM3_20210422_20210722,6307847,Not Provided,Not Provided,Image,https://s3.hpc.ut.ee/plutof-public/original/a9a62004-1002-48cd-a06e-36c14ee2f09d.png,2021-04-22,2024-02-12
RavMarina,Italy,RavM3,2021-04-22,2021-07-22,ARMS_RavMarina_RavM3_20210422_20210722,6307834,Not Provided,Not Provided,Image,https://s3.hpc.ut.ee/plutof-public/original/6154e4da-f828-41a5-9a99-8bf7acd35baf.png,2021-04-22,2024-02-12
RavMarina,Italy,RavM3,2021-04-22,2021-07-22,ARMS_RavMarina_RavM3_20210422_20210722,6307839,Not Provided,Not Provided,Image,https://s3.hpc.ut.ee/plutof-public/original/7240acce-4ab5-4f9a-b1a9-d0c3322aa107.png,2021-04-22,2024-02-12
RavMarina,Italy,RavM3,2021-04-22,2021-07-22,ARMS_RavMarina_RavM3_20210422_20210722,6307849,Not Provided,Not Provided,Image,https://s3.hpc.ut.ee/plutof-public/original/d46ea93c-b1d1-4490-968c-b6bc2c2c4d5a.png,2021-04-22,2024-02-12
RavMarina,Italy,RavM3,2021-04-22,2021-07-22,ARMS_RavMarina_RavM3_20210422_20210722,6307844,Not Provided,Not Provided,Image,https://s3.hpc.ut.ee/plutof-public/original/60507424-201a-4777-8f0b-bd608f9bd398.png,2021-04-22,2024-02-12
RavMarina,Italy,RavM3,2021-04-22,2021-07-22,ARMS_RavMarina_RavM3_20210422_20210722,6307833,Not Provided,Not Provided,Image,https://s3.hpc.ut.ee/plutof-public/original/d36c289d-bc90-4fb3-8ffe-de38709e81ac.png,2021-04-22,2024-02-12
RavMarina,Italy,RavM3,2021-04-22,2021-07-22,ARMS_RavMarina_RavM3_20210422_20210722,6307836,Not Provided,Not Provided,Image,https://s3.hpc.ut.ee/plutof-public/original/406b1ad3-f4b0-4958-bda4-08e56bd5117a.png,2021-04-22,2024-02-12
RavMarina,Italy,RavM3,2021-04-22,2021-07-22,ARMS_RavMarina_RavM3_20210422_20210722,6307838,Not Provided,Not Provided,Image,https://s3.hpc.ut.ee/plutof-public/original/24662081-87f0-41e9-bf08-0c277b9309b2.png,2021-04-22,2024-02-12
RavMarina,Italy,RavM3,2021-04-22,2021-07-22,ARMS_RavMarina_RavM3_20210422_20210722,6307845,Not Provided,Not Provided,Image,https://s3.hpc.ut.ee/plutof-public/original/a0d54692-7fe6-4488-8108-9bc377940499.png,2021-04-22,2024-02-12
RavMarina,Italy,RavM3,2021-04-22,2021-07-22,ARMS_RavMarina_RavM3_20210422_20210722,6307843,Not Provided,Not Provided,Image,https://s3.hpc.ut.ee/plutof-public/original/7c1e988e-2889-4c5e-be0a-fab47692451c.png,2021-04-22,2024-02-12
RavMarina,Italy,RavM3,2021-04-22,2021-07-22,ARMS_RavMarina_RavM3_20210422_20210722,6307840,Not Provided,Not Provided,Image,https://s3.hpc.ut.ee/plutof-public/original/96140509-d8ff-4062-9093-710352197027.png,2021-04-22,2024-02-12
RavMarina,Italy,RavM3,2021-04-22,2021-07-22,ARMS_RavMarina_RavM3_20210422_20210722,6307848,Not Provided,Not Provided,Image,https://s3.hpc.ut.ee/plutof-public/original/b81ef6aa-2d32-464c-8a1a-d12d903b4723.png,2021-04-22,2024-02-12
RavMarina,Italy,RavM3,2021-04-22,2021-07-22,ARMS_RavMarina_RavM3_20210422_20210722,6322615,Not Provided,Not Provided,Image,https://s3.hpc.ut.ee/plutof-public/original/188bed58-a01a-421f-8908-050d79267055.jpg,2021-04-22,2024-02-12
RavMarina,Italy,RavM3,2021-04-22,2021-07-22,ARMS_RavMarina_RavM3_20210422_20210722,6322616,Not Provided,Not Provided,Image,https://s3.hpc.ut.ee/plutof-public/original/ebbf225b-d9e6-4a19-bf76-78b7864041d1.jpg,2021-04-22,2024-02-12
RavMarina,Italy,RavM3,2021-04-22,2021-07-22,ARMS_RavMarina_RavM3_20210422_20210722,6322614,Not Provided,Not Provided,Image,https://s3.hpc.ut.ee/plutof-public/original/e50c387f-f9db-4513-b028-7f53f44ad12a.jpg,2021-04-22,2024-02-12
RavMarina,Italy,RavM3,2021-04-22,2021-07-22,ARMS_RavMarina_RavM3_20210422_20210722,6322613,Not Provided,Not Provided,Image,https://s3.hpc.ut.ee/plutof-public/original/00bb20f0-84c0-4003-8edb-c89fdc96e9b4.jpg,2021-04-22,2024-02-12
RavMarina,Italy,RavM3,2024-04-24,2024-07-30,ARMS_RavMarina_RavM3_20240424_20240730,7377591,Not Provided,Not Provided,Image,https://s3.hpc.ut.ee/plutof-public/original/36a4573b-2e73-4fcd-b78c-01523c3ad497.png,2024-10-12,2024-10-12
RavMarina,Italy,RavM3,2024-04-24,2024-07-30,ARMS_RavMarina_RavM3_20240424_20240730,7377594,Not Provided,Not Provided,Image,https://s3.hpc.ut.ee/plutof-public/original/de4978b8-22c2-4fbb-98a7-f1af7f6adf44.png,2024-10-12,2024-10-12
RavMarina,Italy,RavM3,2024-04-24,2024-07-30,ARMS_RavMarina_RavM3_20240424_20240730,7377590,Not Provided,Not Provided,Image,https://s3.hpc.ut.ee/plutof-public/original/a032008c-7582-45bb-ac48-134a8f05a8cc.png,2024-10-12,2024-10-12
RavMarina,Italy,RavM3,2024-04-24,2024-07-30,ARMS_RavMarina_RavM3_20240424_20240730,7377600,Not Provided,Not Provided,Image,https://s3.hpc.ut.ee/plutof-public/original/f22d92a5-2735-4ebe-a620-4996d786446a.png,2024-10-12,2024-10-12
RavMarina,Italy,RavM3,2024-04-24,2024-07-30,ARMS_RavMarina_RavM3_20240424_20240730,7377605,Not Provided,Not Provided,Image,https://s3.hpc.ut.ee/plutof-public/original/cd4cdb1a-8a95-4598-b329-1c9139ef7306.png,2024-10-12,2024-10-12
RavMarina,Italy,RavM3,2024-04-24,2024-07-30,ARMS_RavMarina_RavM3_20240424_20240730,7377598,Not Provided,Not Provided,Image,https://s3.hpc.ut.ee/plutof-public/original/40ece946-5e7f-4df9-ae5f-333f8b809bdb.png,2024-10-12,2024-10-12
RavMarina,Italy,RavM3,2024-04-24,2024-07-30,ARMS_RavMarina_RavM3_20240424_20240730,7377601,Not Provided,Not Provided,Image,https://s3.hpc.ut.ee/plutof-public/original/0da52e5e-7d5f-417d-87b8-bb2e87091a59.png,2024-10-12,2024-10-12
RavMarina,Italy,RavM3,2024-04-24,2024-07-30,ARMS_RavMarina_RavM3_20240424_20240730,7377604,Not Provided,Not Provided,Image,https://s3.hpc.ut.ee/plutof-public/original/ef68f68d-d555-46ed-8c17-6a168e2aa6a9.png,2024-10-12,2024-10-12
RavMarina,Italy,RavM3,2024-04-24,2024-07-30,ARMS_RavMarina_RavM3_20240424_20240730,7377596,Not Provided,Not Provided,Image,https://s3.hpc.ut.ee/plutof-public/original/b3bd190f-9523-498c-90b9-da9c258fefd8.png,2024-10-12,2024-10-12
RavMarina,Italy,RavM3,2024-04-24,2024-07-30,ARMS_RavMarina_RavM3_20240424_20240730,7377603,Not Provided,Not Provided,Image,https://s3.hpc.ut.ee/plutof-public/original/bd25ca7b-8c42-41e4-b180-5e22eabb0a76.png,2024-10-12,2024-10-12
RavMarina,Italy,RavM3,2024-04-24,2024-07-30,ARMS_RavMarina_RavM3_20240424_20240730,7377595,Not Provided,Not Provided,Image,https://s3.hpc.ut.ee/plutof-public/original/f51ec75f-e7fb-445d-ade9-c9ec3ddd4870.png,2024-10-12,2024-10-12
RavMarina,Italy,RavM3,2024-04-24,2024-07-30,ARMS_RavMarina_RavM3_20240424_20240730,7377599,Not Provided,Not Provided,Image,https://s3.hpc.ut.ee/plutof-public/original/db75a819-0192-4da5-b8d5-b9313d693cb5.png,2024-10-12,2024-10-12
RavMarina,Italy,RavM3,2024-04-24,2024-07-30,ARMS_RavMarina_RavM3_20240424_20240730,7377602,Not Provided,Not Provided,Image,https://s3.hpc.ut.ee/plutof-public/original/86bb2c22-b791-46d0-8288-5e148044aa02.png,2024-10-12,2024-10-12
RavMarina,Italy,RavM3,2024-04-24,2024-07-30,ARMS_RavMarina_RavM3_20240424_20240730,7377597,Not Provided,Not Provided,Image,https://s3.hpc.ut.ee/plutof-public/original/20441ad0-90ee-43dc-9684-efdc45d17950.png,2024-10-12,2024-10-12
RavMarina,Italy,RavM3,2024-04-24,2024-07-30,ARMS_RavMarina_RavM3_20240424_20240730,7377593,Not Provided,Not Provided,Image,https://s3.hpc.ut.ee/plutof-public/original/5728fb9a-491c-442c-b9ff-e9e89c5d2f91.png,2024-10-12,2024-10-12
RavMarina,Italy,RavM3,2024-04-24,2024-07-30,ARMS_RavMarina_RavM3_20240424_20240730,7377606,Not Provided,Not Provided,Image,https://s3.hpc.ut.ee/plutof-public/original/ad35d5f5-2558-458a-a34e-a606291e1408.png,2024-10-12,2024-10-12
RavMarina,Italy,RavM3,2024-04-24,2024-07-30,ARMS_RavMarina_RavM3_20240424_20240730,7377592,Not Provided,Not Provided,Image,https://s3.hpc.ut.ee/plutof-public/original/89cad0c4-d396-4ab5-8e96-9e338234f443.png,2024-10-12,2024-10-12
