EventID,Country,Observatory-ID,ARMS-ID,Latitude,Longitude,Depth (m),Deployment Date,Collection Date,Fraction,Preservative,Filter (micrometer),MaterialSample-ID,OriginalSample-ID,gene_COI,gene_COI_negative_control,gene_ITS,gene_ITS_negative_control,gene_18S,gene_18S_negative_control
ARMS_BelgianCoast_AZBE1_20190924_20200303,Belgium,BelgiumCoast,AZBE1,51.364298,3.20701,7,2019-09-24,2020-03-03,Motile,DMSO,100,ARMS_BelgiumCoast_AZBE1_20190924_20200303_MF100,ARMS_VLIZ_ZBE1_20190924-20200303_MT100_A,ERR7125498,ERR7125582,no longer provided,no longer provided,ERR7125496,ERR7125581
ARMS_BelgianCoast_AZBE1_20190924_20200303,Belgium,BelgiumCoast,AZBE1,51.364298,3.20701,7,2019-09-24,2020-03-03,Motile,DMSO,500,ARMS_BelgiumCoast_AZBE1_20190924_20200303_MF500,ARMS_VLIZ_ZBE1_20190924-20200303_MT500_A,ERR4914228,ERR4914160,ERR4914229,ERR4914218,ERR4914227,ERR4914102
ARMS_BelgianCoast_AZBE1_20190924_20200303,Belgium,BelgiumCoast,AZBE1,51.364298,3.20701,7,2019-09-24,2020-03-03,Sessile,DMSO,40,ARMS_BelgiumCoast_AZBE1_20190924_20200303_SF40,ARMS_VLIZ_ZBE1_20190924-20200303_SF40_A,ERR7125478,ERR7125534,ERR7125479,ERR7125535,ERR7125477,ERR7125533
ARMS_BelgianCoast_AZFPin_20180712_20180818,Belgium,BelgiumCoast,AZFPin,51.66522,2.82558,37,2018-07-12,2018-08-18,Motile,EtOH,200,ARMS_BelgiumCoast_AZFPin_20180712_20180818_MF200_ETOH,AZFP2(inside)_2,ERR7125497,ERR7125582,no longer provided,no longer provided,ERR7125495,ERR7125581
ARMS_BelgianCoast_AZFPin_20180712_20180818,Belgium,BelgiumCoast,AZFPin,51.66522,2.82558,37,2018-07-12,2018-08-18,Motile,EtOH,500,ARMS_BelgiumCoast_AZFPin_20180712_20180818_MF500_ETOH,AZFP2(inside)_1,ERR4018736,ERR4018737,ERR4018735,ERR4018475,ERR4605228,ERR4605902
ARMS_BelgiumCoast_AJJC81_20200506_20201012,Belgium,BelgiumCoast,AJJC81,51.6533567,2.79178508,38,2020-05-06,2020-10-12,Motile,DMSO,100,ARMS_BelgiumCoast_AJJC81_20200506_20201012_MF100,ARMS_BelgiumCoast_JJ-C8-1_200506-201012_MF100_DMSO_A,ERR7125481,ERR7125534,ERR7125482,ERR7125535,ERR7125480,ERR7125533
ARMS_BelgiumCoast_AJJC81_20200506_20201012,Belgium,BelgiumCoast,AJJC81,51.6533567,2.79178508,38,2020-05-06,2020-10-12,Motile,DMSO,500,ARMS_BelgiumCoast_AJJC81_20200506_20201012_MF500,ARMS_BelgiumCoast_JJ-C8-1_200506-201012_MF500_DMSO_A,ERR7125484,ERR7125534,ERR7125485,ERR7125535,ERR7125483,ERR7125533
ARMS_BelgiumCoast_AJJC86_20200506_20201012,Belgium,BelgiumCoast,AJJC86,51.65264,2.79369998,37,2020-05-06,2020-10-12,Motile,DMSO,100,ARMS_BelgiumCoast_AJJC86_20200506_20201012_MF100,ARMS_BelgiumCoast_JJ-C8-6_200506-201012_MF100_DMSO_A,ERR7125487,ERR7125534,ERR7125488,ERR7125535,ERR7125486,ERR7125533
ARMS_BelgiumCoast_AJJC86_20200506_20201012,Belgium,BelgiumCoast,AJJC86,51.65264,2.79369998,37,2020-05-06,2020-10-12,Motile,DMSO,500,ARMS_BelgiumCoast_AJJC86_20200506_20201012_MF500,ARMS_BelgiumCoast_JJ-C8-6_200506-201012_MF500_DMSO_A,ERR7125490,ERR7125534,ERR7125491,ERR7125535,ERR7125489,ERR7125533
ARMS_BelgiumCoast_AJJCD78_20200506_20201012,Belgium,BelgiumCoast,AJJCD78,51.65374944,2.79602577,38,2020-05-06,2020-10-12,Motile,DMSO,100,ARMS_BelgiumCoast_AJJCD78_20200506_20201012_MF100,ARMS_BelgiumCoast_JJ-CD78_200506-201012_MF100_DMSO_A,ERR7125493,ERR7125534,ERR7125494,ERR7125535,ERR7125492,ERR7125533
ARMS_Bodo_GStraB_20190621_20201207,Norway,Bodo,GStraB,67.24035,14.711733,2,2019-06-21,2020-12-07,Motile,DMSO,100,ARMS_Bodo_GStraB_20190621-20201207_MF100,ARMS_Bodo_GStraB_190621-201207_MF100,ERR9632090,ERR9632065,no longer provided,no longer provided,ERR9632075,ERR9632062
ARMS_Bodo_GStraB_20190621_20201207,Norway,Bodo,GStraB,67.24035,14.711733,2,2019-06-21,2020-12-07,Motile,DMSO,500,ARMS_Bodo_GStraB_20190621-20201207_MF500,ARMS_Bodo_GStraB_190621-201207_MF500,ERR9632091,ERR9632065,no longer provided,no longer provided,ERR9632076,ERR9632062
ARMS_Bodo_GStraB_20190621_20201207,Norway,Bodo,GStraB,67.24035,14.711733,2,2019-06-21,2020-12-07,Sessile,DMSO,50,ARMS_Bodo_GStraB_20190621-20201207_SF50_Α,ARMS_Bodo_GStraB_190621-201207_SF50_Α,ERR9632089,ERR9632065,no longer provided,no longer provided,ERR9632074,ERR9632062
ARMS_Bodo_GStraM_20190621_20201207,Norway,Bodo,GStraM,67.240217,14.711533,2,2019-06-21,2020-12-07,Motile,DMSO,100,ARMS_Bodo_GStraM_20190621-20201207_MF100,ARMS_Bodo_GStraM_190621-201207_MF100,ERR9632093,ERR9632065,no longer provided,no longer provided,ERR9632078,ERR9632062
ARMS_Bodo_GStraM_20190621_20201207,Norway,Bodo,GStraM,67.240217,14.711533,2,2019-06-21,2020-12-07,Motile,DMSO,500,ARMS_Bodo_GStraM_20190621-20201207_MF500,ARMS_Bodo_GStraM_190621-201207_MF500,ERR9632094,ERR9632065,no longer provided,no longer provided,ERR9632079,ERR9632062
ARMS_Bodo_GStraM_20190621_20201207,Norway,Bodo,GStraM,67.240217,14.711533,2,2019-06-21,2020-12-07,Sessile,DMSO,50,ARMS_Bodo_GStraM_20190621-20201207_SF50_Α,ARMS_Bodo_GStraM_190621-201207_SF50_Α,ERR9632092,ERR9632065,no longer provided,no longer provided,ERR9632077,ERR9632062
ARMS_Crete_1HERP_20180928_20190128,Greece,Crete,1HERP,35.343153,25.136605,4,2018-09-28,2019-01-28,Motile,DMSO,125,ARMS_Crete_1HERP_20180928_20190128_MF125_DMSO,Motile 125 μm DMSO,ERR9632063,ERR9632065,no longer provided,no longer provided,ERR9632060,ERR9632062
ARMS_Crete_1HERP_20180928_20190128,Greece,Crete,1HERP,35.343153,25.136605,4,2018-09-28,2019-01-28,Motile,EtOH,125,ARMS_Crete_1HERP_20180928_20190128_MF125_ETOH,Motile 125 μm ETOH,ERR9632064,ERR9632065,no longer provided,no longer provided,ERR9632061,ERR9632062
ARMS_Crete_1HERP_20180928_20190128,Greece,Crete,1HERP,35.343153,25.136605,4,2018-09-28,2019-01-28,Motile,DMSO,500,ARMS_Crete_1HERP_20180928_20190128_MF500_DMSO,Motile 500 μm DMSO,ERR3460468,ERR3460471,ERR4018431,ERR4018475,ERR4605086,ERR4605902
ARMS_Crete_1HERP_20180928_20190128,Greece,Crete,1HERP,35.343153,25.136605,4,2018-09-28,2019-01-28,Motile,EtOH,500,ARMS_Crete_1HERP_20180928_20190128_MF500_ETOH,Motile 500 μm ETOH,ERR3460469,ERR3460471,ERR4018432,ERR4018475,ERR4605087,ERR4605902
ARMS_Crete_1HERP_20180928_20190128,Greece,Crete,1HERP,35.343153,25.136605,4,2018-09-28,2019-01-28,Plankton,EtOH,250,ARMS_Crete_1HERP_20180928_20190128_PS250_ETOH,Plankton Her Port ETOH,failed,failed,ERR4018434,ERR4018475,ERR4605089,ERR4605902
ARMS_Crete_1HERP_20180928_20190128,Greece,Crete,1HERP,35.343153,25.136605,4,2018-09-28,2019-01-28,Sediment,Frozen,none,ARMS_Crete_1HERP_20180928_20190128_SED,Sediment Her Port,ERR3460470,ERR3460471,ERR4018433,ERR4018475,ERR4605088,ERR4605902
ARMS_Crete_1HERP_20180928_20190128,Greece,Crete,1HERP,35.343153,25.136605,4,2018-09-28,2019-01-28,Sessile,DMSO,none,ARMS_Crete_1HERP_20180928_20190128_SF_DMSO,Sessile DMSO,ERR3460466,ERR3460471,ERR4018429,ERR4018475,ERR4605084,ERR4605902
ARMS_Crete_1HERP_20180928_20190128,Greece,Crete,1HERP,35.343153,25.136605,4,2018-09-28,2019-01-28,Sessile,EtOH,none,ARMS_Crete_1HERP_20180928_20190128_SF_ETOH,Sessile ETOH,ERR3460467,ERR3460471,ERR4018430,ERR4018475,ERR4605085,ERR4605902
ARMS_Crete_1HERP_20190612_20191011,Greece,Crete,1HERP,35.343153,25.136605,4,2019-06-12,2019-10-11,Motile,Frozen,500,ARMS_Crete_1HERP_20190612_20191011_MF500,2019_1HERP_ARMS2_MF500,ERR7125537,ERR7125534,ERR7125538,ERR7125535,ERR7125536,ERR7125533
ARMS_Crete_1HERP_20190612_20191011,Greece,Crete,1HERP,35.343153,25.136605,4,2019-06-12,2019-10-11,Motile,Frozen,90,ARMS_Crete_1HERP_20190612_20191011_MF90,2019_1HERP_ARMS2_MF90,ERR7125540,ERR7125534,ERR7125541,ERR7125535,ERR7125539,ERR7125533
ARMS_Crete_1HERP_20190612_20191011,Greece,Crete,1HERP,35.343153,25.136605,4,2019-06-12,2019-10-11,Sessile,Frozen,none,ARMS_Crete_1HERP_20190612_20191011_SF,2019_1HERP_ARMS2_SF1,ERR7125543,ERR7125534,ERR7125544,ERR7125535,ERR7125542,ERR7125533
ARMS_Crete_1HERP_20190612_20200210,Greece,Crete,1HERP,35.343153,25.136605,4,2019-06-12,2020-02-10,Motile,Frozen,500,ARMS_Crete_1HERP_20190612_20200210_MF500,2020_1HERP_ARMS3_MF500,ERR7125546,ERR7125534,ERR7125547,ERR7125535,ERR7125545,ERR7125533
ARMS_Crete_1HERP_20190612_20200210,Greece,Crete,1HERP,35.343153,25.136605,4,2019-06-12,2020-02-10,Motile,Frozen,90,ARMS_Crete_1HERP_20190612_20200210_MF90,2020_1HERP_ARMS3_MF90,ERR7125549,ERR7125534,ERR7125550,ERR7125535,ERR7125548,ERR7125533
ARMS_Crete_1HERP_20190612_20200210,Greece,Crete,1HERP,35.343153,25.136605,4,2019-06-12,2020-02-10,Sessile,Frozen,none,ARMS_Crete_1HERP_20190612_20200210_SF,2020_1HERP_ARMS3_SF1,ERR7125552,ERR7125534,ERR7125553,ERR7125535,ERR7125551,ERR7125533
ARMS_Crete_1HERP_20190612_20200618,Greece,Crete,1HERP,35.343153,25.136605,4,2019-06-12,2020-06-18,Motile,Frozen,500,ARMS_Crete_1HERP_20190612_20200618_MF500,ARMS4_200618_Motile_500,ERR7125555,ERR7125534,ERR7125556,ERR7125535,ERR7125554,ERR7125533
ARMS_Crete_1HERP_20190612_20200618,Greece,Crete,1HERP,35.343153,25.136605,4,2019-06-12,2020-06-18,Motile,Frozen,90,ARMS_Crete_1HERP_20190612_20200618_MF90,ARMS4_200618_Motile_90,ERR7125558,ERR7125534,ERR7125559,ERR7125535,ERR7125557,ERR7125533
ARMS_Crete_1HERP_20190612_20200618,Greece,Crete,1HERP,35.343153,25.136605,4,2019-06-12,2020-06-18,Sessile,Frozen,none,ARMS_Crete_1HERP_20190612_20200618_SF,ARMS4_200618_Sessile,ERR7125561,ERR7125534,ERR7125562,ERR7125535,ERR7125560,ERR7125533
ARMS_Crete_1HERP_20200903_20210122,Greece,Crete,1HERP,35.343153,25.136605,4,2020-09-03,2021-01-22,Motile,Frozen,500,ARMS_Crete_1HERP_20200903_20210122_MF500,ARMS5_200903-210122_Motile_500,ERR7125564,ERR7125534,ERR7125565,ERR7125535,ERR7125563,ERR7125533
ARMS_Crete_1HERP_20200903_20210122,Greece,Crete,1HERP,35.343153,25.136605,4,2020-09-03,2021-01-22,Motile,Frozen,90,ARMS_Crete_1HERP_20200903_20210122_MF90,ARMS5_200903-210122_Motile_90,ERR7125567,ERR7125534,ERR7125568,ERR7125535,ERR7125566,ERR7125533
ARMS_Crete_1HERP_20200903_20210122,Greece,Crete,1HERP,35.343153,25.136605,4,2020-09-03,2021-01-22,Sessile,Frozen,none,ARMS_Crete_1HERP_20200903_20210122_SF,ARMS5_200903-210122_Sessile,ERR7125570,ERR7125534,ERR7125571,ERR7125535,ERR7125569,ERR7125533
ARMS_Crete_2UBPC_20190924_20201211,Greece,Crete,2UBPC,35.34662,25.27876,21,2019-09-24,2020-12-11,Motile,Frozen,500,ARMS_Crete_2UBPC_20190924_20201211_MF500,ARMS_Crete_2UBPC_190924-201211_MF500,ERR7125573,ERR7125534,ERR7125574,ERR7125535,ERR7125572,ERR7125533
ARMS_Crete_2UBPC_20190924_20201211,Greece,Crete,2UBPC,35.34662,25.27876,21,2019-09-24,2020-12-11,Motile,Frozen,90,ARMS_Crete_2UBPC_20190924_20201211_MF90,ARMS_Crete_2UBPC_190924-201211_MF90,ERR7125576,ERR7125534,ERR7125577,ERR7125535,ERR7125575,ERR7125533
ARMS_Crete_2UBPC_20190924_20201211,Greece,Crete,2UBPC,35.34662,25.27876,21,2019-09-24,2020-12-11,Sessile,Frozen,none,ARMS_Crete_2UBPC_20190924_20201211_SF,ARMS_Crete_2UBPC_190924-201211_SF,ERR7125579,ERR7125534,ERR7125580,ERR7125535,ERR7125578,ERR7125533
ARMS_Eilat_Katza1_20181024_20200607,Israel,Eilat,Katza1 ,29.520000,34.934444,10,2018-10-24,2020-06-07,Motile,DMSO,100,ARMS_Eilat_Katza1_20181024_20200607_MF100,ARMS_Katza_1_181024-200607_100_1,ERR7127623,ERR7125582,no longer provided,no longer provided,ERR7127611,ERR7125581
ARMS_Eilat_Katza1_20181024_20200607,Israel,Eilat,Katza1 ,29.520000,34.934444,10,2018-10-24,2020-06-07,Motile,DMSO,500,ARMS_Eilat_Katza1_20181024_20200607_MF500,ARMS_Katza_1_181024-200607_500_1,ERR7127624,ERR7125582,no longer provided,no longer provided,ERR7127612,ERR7125581
ARMS_Eilat_Katza1_20181024_20200607,Israel,Eilat,Katza1 ,29.520000,34.934444,10,2018-10-24,2020-06-07,Sessile,DMSO,45,ARMS_Eilat_Katza1_20181024_20200607_SF45,ARMS_Katza_1_181024-200607_45_1,ERR7127625,ERR7125582,no longer provided,no longer provided,ERR7127613,ERR7125581
ARMS_Eilat_Katza2_20181024_20200803,Israel,Eilat,Katza2 ,29.520000,34.934444,10,2018-10-24,2020-08-03,Motile,DMSO,100,ARMS_Eilat_Katza2_20181024_20200803_MF100,ARMS_Katza_2_181024-200803_100_2,ERR7127626,ERR7125582,no longer provided,no longer provided,ERR7127614,ERR7125581
ARMS_Eilat_Katza2_20181024_20200803,Israel,Eilat,Katza2 ,29.520000,34.934444,10,2018-10-24,2020-08-03,Motile,DMSO,500,ARMS_Eilat_Katza2_20181024_20200803_MF500,ARMS_Katza_2_181024-200803_500_2,ERR7127627,ERR7125582,no longer provided,no longer provided,ERR7127615,ERR7125581
ARMS_Eilat_Katza2_20181024_20200803,Israel,Eilat,Katza2 ,29.520000,34.934444,10,2018-10-24,2020-08-03,Sessile,DMSO,45,ARMS_Eilat_Katza2_20181024_20200803_SF45,ARMS_Katza_2_181024-200803_45_2,ERR7127628,ERR7125582,no longer provided,no longer provided,ERR7127616,ERR7125581
ARMS_Eilat_NR1_20181017_20200204,Israel,Eilat,NR1 ,29.50555,34.920278,10,2018-10-17,2020-04-02,Motile,DMSO,100,ARMS_Eilat_NR1_20181017_20200204_MF100,ARMS_NR_1_181017-200204_100_1,ERR7127629,ERR7125582,no longer provided,no longer provided,ERR7127617,ERR7125581
ARMS_Eilat_NR1_20181017_20200204,Israel,Eilat,NR1 ,29.50555,34.920278,10,2018-10-17,2020-04-02,Motile,DMSO,500,ARMS_Eilat_NR1_20181017_20200204_MF500,ARMS_NR_1_181017-200204_500_1,ERR7127630,ERR7125582,no longer provided,no longer provided,ERR7127618,ERR7125581
ARMS_Eilat_NR1_20181017_20200204,Israel,Eilat,NR1 ,29.50555,34.920278,10,2018-10-17,2020-04-02,Sessile,DMSO,45,ARMS_Eilat_NR1_20181017_20200204_SF45,ARMS_NR_1_181017-200204_45_1,ERR7127631,ERR7125582,no longer provided,no longer provided,ERR7127619,ERR7125581
ARMS_Eilat_NR2_20181017_20200524,Israel,Eilat,NR2 ,29.50555,34.920278,10,2018-10-17,2020-05-24,Motile,DMSO,100,ARMS_Eilat_NR2_20181017_20200524_MF100,ARMS_NR_2_181017-200524_100_2,ERR7127632,ERR7125582,no longer provided,no longer provided,ERR7127620,ERR7125581
ARMS_Eilat_NR2_20181017_20200524,Israel,Eilat,NR2 ,29.50555,34.920278,10,2018-10-17,2020-05-24,Motile,DMSO,500,ARMS_Eilat_NR2_20181017_20200524_MF500,ARMS_NR_2_181017-200524_500_2,ERR7127633,ERR7125582,no longer provided,no longer provided,ERR7127621,ERR7125581
ARMS_Eilat_NR2_20181017_20200524,Israel,Eilat,NR2 ,29.50555,34.920278,10,2018-10-17,2020-05-24,Sessile,DMSO,45,ARMS_Eilat_NR2_20181017_20200524_SF45,ARMS_NR_2_181017-200524_45_2,ERR7127634,ERR7125582,no longer provided,no longer provided,ERR7127622,ERR7125581
ARMS_Gdynia_GDY1_20180813_20191029,Poland,Gdynia,GDY1,54.48522,18.57111,4,2018-08-13,2019-10-29,Motile,DMSO-EDTA,100,ARMS_Gdynia_GDY1_20180813_20191029_MF100_DMSO,1206_GDY_2018_MF100_DESS,ERR4018726,ERR4018471,ERR4018724,ERR4018473,ERR4018722,ERR4018472
ARMS_Gdynia_GDY1_20180813_20191029,Poland,Gdynia,GDY1,54.48522,18.57111,4,2018-08-13,2019-10-29,Motile,DMSO-EDTA,500,ARMS_Gdynia_GDY1_20180813_20191029_MF500_DMSO,1206_GDY_2018_MF500_DESS,ERR4018727,ERR4018471,ERR4018725,ERR4018473,ERR4018723,ERR4018472
ARMS_Gdynia_GDY1_20180813_20191029,Poland,Gdynia,GDY1,54.48522,18.57111,4,2018-08-13,2019-10-29,Sessile,DMSO-EDTA,38,ARMS_Gdynia_GDY1_20180813_20191029_SF38_DMSO,1206_GDY_2018_SF-Plate1-DESS,failed,ERR7125534,failed,ERR7125535,failed,ERR7125533
ARMS_Gdynia_GDY1_20190619_20191029,Poland,Gdynia,GDY1,54.48522,18.57111,4,2019-06-19,2019-10-29,Motile,DMSO-EDTA,100,ARMS_Gdynia_GDY1_20190619_20191029_MF100,1285_GDY_2019_MF100-DESS,ERR9632087,ERR9632065,no longer provided,no longer provided,ERR9632072,ERR9632062
ARMS_Gdynia_GDY1_20190619_20191029,Poland,Gdynia,GDY1,54.48522,18.57111,4,2019-06-19,2019-10-29,Motile,DMSO-EDTA,500,ARMS_Gdynia_GDY1_20190619_20191029_MF500,1285_GDY_2019_MF500-DESS,ERR7125527,ERR7125534,ERR7125528,ERR7125535,ERR7125526,ERR7125533
ARMS_Gdynia_GDY1_20190619_20191029,Poland,Gdynia,GDY1,54.48522,18.57111,4,2019-06-19,2019-10-29,Sessile,DMSO-EDTA,38,ARMS_Gdynia_GDY1_20190619_20191029_SF38,1285_GDY_2019_SF-Plate1-DESS,ERR9632088,ERR9632065,no longer provided,no longer provided,ERR9632073,ERR9632062
ARMS_Getxo_G1_20190624_20191016,Spain,Getxo,G1,43.338452,-3.014833,5,2019-06-24,2019-10-16,Motile,DMSO,100,ARMS_Getxo_G1_20190624_20191016_MF100,Getxo-G1-MF100-A-DMSO,ERR7127704,ERR7125582,no longer provided,no longer provided,ERR7127693,ERR7125581
ARMS_Getxo_G1_20190624_20191016,Spain,Getxo,G1,43.338452,-3.014833,5,2019-06-24,2019-10-16,Motile,DMSO,500,ARMS_Getxo_G1_20190624_20191016_MF500,Getxo-G1-MF500-A-DMSO,ERR7127705,ERR7125582,no longer provided,no longer provided,ERR7127694,ERR7125581
ARMS_Getxo_G1_20190624_20191016,Spain,Getxo,G1,43.338452,-3.014833,5,2019-06-24,2019-10-16,Sessile,DMSO,40,ARMS_Getxo_G1_20190624_20191016_SF40,Getxo-G1-SF40-A-DMSO,ERR7127706,ERR7125582,no longer provided,no longer provided,ERR7127695,ERR7125581
ARMS_Getxo_G1_20200624_20201103,Spain,Getxo,G1,43.338452,-3.014833,5,2020-06-24,2020-11-03,Motile,DMSO,100,ARMS_Getxo_G1_20200624_20201103_MF100,Getxo-G1-MF100-A-B-C-DMSO,ERR7127667,ERR7125534,ERR7127668,ERR7125535,ERR7127666,ERR7125533
ARMS_Getxo_G1_20200624_20201103,Spain,Getxo,G1,43.338452,-3.014833,5,2020-06-24,2020-11-03,Motile,DMSO,500,ARMS_Getxo_G1_20200624_20201103_MF500,Getxo-G1-MF500-A-B-C-DMSO,ERR7127670,ERR7125534,ERR7127671,ERR7125535,ERR7127669,ERR7125533
ARMS_Getxo_G1_20200624_20201103,Spain,Getxo,G1,43.338452,-3.014833,5,2020-06-24,2020-11-03,Sessile,DMSO,40,ARMS_Getxo_G1_20200624_20201103_SF40,Getxo-G1-SF40-A-B-C-DMSO,ERR7127673,ERR7125534,ERR7127674,ERR7125535,ERR7127672,ERR7125533
ARMS_Getxo_G2_20190624_20191016,Spain,Getxo,G2,43.3385,-3.01491,5,2019-06-24,2019-10-16,Motile,DMSO,100,ARMS_Getxo_G2_20190624_20191016_MF100,Getxo-G2-MF100-A-DMSO,ERR7127676,ERR7125534,ERR7127677,ERR7125535,ERR7127675,ERR7125533
ARMS_Getxo_G2_20190624_20191016,Spain,Getxo,G2,43.3385,-3.01491,5,2019-06-24,2019-10-16,Motile,DMSO,500,ARMS_Getxo_G2_20190624_20191016_MF500,Getxo-G2-MF500-A-DMSO,ERR7127707,ERR7125582,no longer provided,no longer provided,ERR7127696,ERR7125581
ARMS_Getxo_G2_20190624_20191016,Spain,Getxo,G2,43.3385,-3.01491,5,2019-06-24,2019-10-16,Sessile,DMSO,40,ARMS_Getxo_G2_20190624_20191016_SF40,Getxo-G2-SF40-A-DMSO,ERR7127708,ERR7125582,no longer provided,no longer provided,ERR7127697,ERR7125581
ARMS_Getxo_G2_20200624_20201103,Spain,Getxo,G2,43.3385,-3.01491,5,2020-06-24,2020-11-03,Motile,DMSO,100,ARMS_Getxo_G2_20200624_20201103_MF100,Getxo-G2-MF100-A-B-C-DMSO,ERR7127679,ERR7125534,ERR7127680,ERR7125535,ERR7127678,ERR7125533
ARMS_Getxo_G2_20200624_20201103,Spain,Getxo,G2,43.3385,-3.01491,5,2020-06-24,2020-11-03,Sessile,DMSO,40,ARMS_Getxo_G2_20200624_20201103_SF40,Getxo-G2-SF40-A-B-C-DMSO,ERR7127682,ERR7125534,ERR7127683,ERR7125535,ERR7127681,ERR7125533
ARMS_Getxo_G3_20190624_20191016,Spain,Getxo,G3,43.33843,-3.01483,5,2019-06-24,2019-10-16,Motile,DMSO,100,ARMS_Getxo_G3_20190624_20191016_MF100,Getxo-G3-MF100-A-DMSO,ERR7127709,ERR7125582,no longer provided,no longer provided,ERR7127698,ERR7125581
ARMS_Getxo_G3_20190624_20191016,Spain,Getxo,G3,43.33843,-3.01483,5,2019-06-24,2019-10-16,Motile,DMSO,500,ARMS_Getxo_G3_20190624_20191016_MF500,Getxo-G3-MF500-A-DMSO,ERR7127710,ERR7125582,no longer provided,no longer provided,ERR7127699,ERR7125581
ARMS_Getxo_G3_20190624_20191016,spain,Getxo,G3,43.33843,-3.01483,5,2019-06-24,2019-10-16,Sessile,DMSO,40,ARMS_Getxo_G3_20190624_20191016_SF40,Getxo-G3-SF40-A-DMSO,ERR7127711,ERR7125582,no longer provided,no longer provided,ERR7127700,ERR7125581
ARMS_Getxo_G3_20200624_20201103,Spain,Getxo,G3,43.33843,-3.01483,5,2020-06-24,2020-11-03,Motile,DMSO,100,ARMS_Getxo_G3_20200624_20201103_MF100,Getxo-G3-MF100-A-B-C-DMSO,ERR7127685,ERR7125534,ERR7127686,ERR7125535,ERR7127684,ERR7125533
ARMS_Getxo_G3_20200624_20201103,Spain,Getxo,G3,43.33843,-3.01483,5,2020-06-24,2020-11-03,Sessile,DMSO,40,ARMS_Getxo_G3_20200624_20201103_SF40,Getxo-G3-SF40-A-B-C-DMSO,ERR7127688,ERR7125534,ERR7127689,ERR7125535,ERR7127687,ERR7125533
ARMS_Koster_VH1_20180418_20190527,Sweden,Koster,VH1,58.875155,11.103194,24,2018-04-18,2019-05-27,Motile,DMSO,100,ARMS_Koster_VH1_20180418_20190527_MF100_DMSO,2018_Koster_VH1_MF100_DMSO,ERR4018467,ERR4018471,ERR4018462,ERR4018473,ERR4018457,ERR4018472
ARMS_Koster_VH1_20180418_20190527,Sweden,Koster,VH1,58.875155,11.103194,24,2018-04-18,2019-05-27,Motile,DMSO,500,ARMS_Koster_VH1_20180418_20190527_MF500_DMSO,2018_Koster_VH1_MF500_DMSO,ERR4018466,ERR4018471,ERR4018461,ERR4018473,ERR4018456,ERR4018472
ARMS_Koster_VH1_20180418_20190527,Sweden,Koster,VH1,58.875155,11.103194,24,2018-04-18,2019-05-27,Sessile,DMSO,40,ARMS_Koster_VH1_20180418_20190527_SF40_DMSO,2018_Koster_VH1_SF40_DMSO,ERR4018468,ERR4018471,ERR4018463,ERR4018473,ERR4018458,ERR4018472
ARMS_Koster_VH1_20190527_20200716,Sweden,Koster,VH1,58.875155,11.103194,24,2019-05-27,2020-07-16,Motile,DMSO,100,ARMS_Koster_VH1_20190527_20200716_MF100,ARMS_KOSTER_VH1_190527-200716_ MF100,ERR4914103,ERR4914160,ERR4914161,ERR4914218,ERR4914045,ERR4914102
ARMS_Koster_VH1_20190527_20200716,Sweden,Koster,VH1,58.875155,11.103194,24,2019-05-27,2020-07-16,Motile,DMSO,500,ARMS_Koster_VH1_20190527_20200716_MF500,ARMS_KOSTER_VH1_190527-200716_ MF500,ERR4914104,ERR4914160,ERR4914162,ERR4914218,ERR4914046,ERR4914102
ARMS_Koster_VH1_20190527_20200716,Sweden,Koster,VH1,58.875155,11.103194,24,2019-05-27,2020-07-16,Sessile,DMSO,40,ARMS_Koster_VH1_20190527_20200716_SF40,ARMS_KOSTER_VH1_190527-200716_SF40_A,ERR4914105,ERR4914160,ERR4914163,ERR4914218,ERR4914047,ERR4914102
ARMS_Koster_VH2_20180418_20180906,Sweden,Koster,VH2,58.87633,11.111884,22,2018-04-18,2018-09-06,Motile,EtOH,100,ARMS_Koster_VH2_20180418_20180906_MF100_ETOH,VH2-MF100-EtOH,ERR4018452,ERR3460471,ERR4018445,ERR4018475,ERR4605233,ERR4605902
ARMS_Koster_VH2_20180418_20180906,Sweden,Koster,VH2,58.87633,11.111884,22,2018-04-18,2018-09-06,Motile,EtOH,500,ARMS_Koster_VH2_20180418_20180906_MF500_ETOH,VH2-MF500-EtOH,ERR4018453,ERR3460471,ERR4018446,ERR4018475,ERR4605234,ERR4605902
ARMS_Koster_VH2_20180418_20180906,Sweden,Koster,VH2,58.87633,11.111884,22,2018-04-18,2018-09-06,Plankton,EtOH,90,ARMS_Koster_VH2_20180418_20180906_PS90_ETOH,VH2-PS90-EtOH,failed,failed,ERR4018449,ERR4018475,ERR4605237,ERR4605902
ARMS_Koster_VH2_20180418_20180906,Sweden,Koster,VH2,58.87633,11.111884,22,2018-04-18,2018-09-06,Sediment,DMSO,100,ARMS_Koster_VH2_20180418_20180906_SED100_ETOH,VH2-SS100-DMSO,ERR4018454,ERR3460471,ERR4018447,ERR4018475,ERR4605235,ERR4605902
ARMS_Koster_VH2_20180418_20180906,Sweden,Koster,VH2,58.87633,11.111884,22,2018-04-18,2018-09-06,Sediment,DMSO,500,ARMS_Koster_VH2_20180418_20180906_SED500_DMSO,VH2-SS500-DMSO,ERR4018455,ERR3460471,ERR4018448,ERR4018475,ERR4605236,ERR4605902
ARMS_Koster_VH2_20180418_20180906,Sweden,Koster,VH2,58.87633,11.111884,22,2018-04-18,2018-09-06,Sessile,DMSO,40,ARMS_Koster_VH2_20180418_20180906_SF40_DMSO,VH2-SF-DMSO Sessile,ERR4018451,ERR3460471,ERR4018444,ERR4018475,ERR4605232,ERR4605902
ARMS_Koster_VH2_20180418_20180906,Sweden,Koster,VH2,58.87633,11.111884,22,2018-04-18,2018-09-06,Sessile,EtOH,40,ARMS_Koster_VH2_20180418_20180906_SF40_ETOH,VH2-SF-EtOH Sessile,ERR4018450,ERR3460471,ERR4018443,ERR4018475,ERR4605231,ERR4605902
ARMS_Koster_VH2_20190527_20200716,Sweden,Koster,VH2,58.87633,11.111884,22,2019-05-27,2020-07-16,Motile,DMSO,100,ARMS_Koster_VH2_20190527_20200716_MF100,ARMS_KOSTER_VH2_190527-200716_ MF100,ERR4914109,ERR4914160,ERR4914167,ERR4914218,ERR4914051,ERR4914102
ARMS_Koster_VH2_20190527_20200716,Sweden,Koster,VH2,58.87633,11.111884,22,2019-05-27,2020-07-16,Motile,DMSO,500,ARMS_Koster_VH2_20190527_20200716_MF500,ARMS_KOSTER_VH2_190527-200716_ MF500,ERR4914110,ERR4914160,ERR4914168,ERR4914218,ERR4914052,ERR4914102
ARMS_Koster_VH2_20190527_20200716,Sweden,Koster,VH2,58.87633,11.111884,22,2019-05-27,2020-07-16,Sessile,DMSO,40,ARMS_Koster_VH2_20190527_20200716_SF40,ARMS_KOSTER_VH2_190527-200716_SF40_A,ERR4914111,ERR4914160,ERR4914169,ERR4914218,ERR4914053,ERR4914102
ARMS_Koster_VH3_20180418_20190527,Sweden,Koster,VH3,58.859877,11.080491,25,2018-04-18,2019-05-27,Motile,DMSO,100,ARMS_Koster_VH3_20180418_20190527_MF100_DMSO,2018_Koster_VH3_MF100_DMSO,ERR4018470,ERR4018471,ERR4018465,ERR4018473,ERR4018460,ERR4018472
ARMS_Koster_VH3_20180418_20190527,Sweden,Koster,VH3,58.859877,11.080491,25,2018-04-18,2019-05-27,Motile,DMSO,500,ARMS_Koster_VH3_20180418_20190527_MF500_DMSO,2018_Koster_VH3_MF500_DMSO,ERR4018469,ERR4018471,ERR4018464,ERR4018473,ERR4018459,ERR4018472
ARMS_Koster_VH3_20180418_20190527,Sweden,Koster,VH3,58.859877,11.080491,25,2018-04-18,2019-05-27,Sessile,DMSO,40,ARMS_Koster_VH3_20180418_20190527_SF40_DMSO,2018_Koster_VH3-SF40-DMSO,ERR7127610,ERR7125582,no longer provided,no longer provided,ERR7127609,ERR7125581
ARMS_Koster_VH3_20190527_20200716,Sweden,Koster,VH3,58.859877,11.080491,25,2019-05-27,2020-07-16,Motile,DMSO,100,ARMS_Koster_VH3_20190527_20200716_MF100,ARMS_KOSTER_VH3_190527-200716_ MF100,ERR4914106,ERR4914160,ERR4914164,ERR4914218,ERR4914048,ERR4914102
ARMS_Koster_VH3_20190527_20200716,Sweden,Koster,VH3,58.859877,11.080491,25,2019-05-27,2020-07-16,Motile,DMSO,500,ARMS_Koster_VH3_20190527_20200716_MF500,ARMS_KOSTER_VH3_190527-200716_ MF500,ERR4914107,ERR4914160,ERR4914165,ERR4914218,ERR4914049,ERR4914102
ARMS_Koster_VH3_20190527_20200716,Sweden,Koster,VH3,58.859877,11.080491,25,2019-05-27,2020-07-16,Sessile,DMSO,40,ARMS_Koster_VH3_20190527_20200716_SF40,ARMS_KOSTER_VH3_190527-200716_SF40_A,ERR4914108,ERR4914160,ERR4914166,ERR4914218,ERR4914050,ERR4914102
ARMS_Limfjord_Green33_20190618_20191029,Denmark,Limfjord,Green33,56.901246,9.058189,4,2019-06-18,2019-10-29,Motile,DMSO,100,ARMS_Limfjord_Green33_20190618_20191029_MF100,2019_Limfjord_Green33_MF100_DMSO,ERR4018499,ERR4018471,ERR4018490,ERR4018473,ERR4018481,ERR4018472
ARMS_Limfjord_Green33_20190618_20191029,Denmark,Limfjord,Green33,56.901246,9.058189,4,2019-06-18,2019-10-29,Motile,DMSO,500,ARMS_Limfjord_Green33_20190618_20191029_MF500,2019_Limfjord_Green33_MF500_DMSO,ERR4018497,ERR4018471,ERR4018488,ERR4018473,ERR4018479,ERR4018472
ARMS_Limfjord_Green33_20190618_20191029,Denmark,Limfjord,Green33,56.901246,9.058189,4,2019-06-18,2019-10-29,Sessile,DMSO,40,ARMS_Limfjord_Green33_20190618_20191029_SF40,2019_Limfjord_Green33_SF_DMSO,ERR4018498,ERR4018471,ERR4018489,ERR4018473,ERR4018480,ERR4018472
ARMS_Limfjord_Red2_20190618_20191029,Denmark,Limfjord,Red2,56.89985,9.05663333,4,2019-06-18,2019-10-29,Motile,DMSO,100,ARMS_Limfjord_Red2_20190618_20191029_MF100,2019_Limfjord_Red2_MF100_DMSO,ERR4018502,ERR4018471,ERR4018493,ERR4018473,ERR4018484,ERR4018472
ARMS_Limfjord_Red2_20190618_20191029,Denmark,Limfjord,Red2,56.89985,9.05663333,4,2019-06-18,2019-10-29,Motile,DMSO,500,ARMS_Limfjord_Red2_20190618_20191029_MF500,2019_Limfjord_Red2_MF500_DMSO,ERR4018500,ERR4018471,ERR4018491,ERR4018473,ERR4018482,ERR4018472
ARMS_Limfjord_Red2_20190618_20191029,Denmark,Limfjord,Red2,56.89985,9.05663333,4,2019-06-18,2019-10-29,Sessile,DMSO,40,ARMS_Limfjord_Red2_20190618_20191029_SF40,2019_Limfjord_Red2_SF_DMSO,ERR4018501,ERR4018471,ERR4018492,ERR4018473,ERR4018483,ERR4018472
ARMS_Limfjord_Yellow8_20190618_20191029,Denmark,Limfjord,Yellow8,56.902366,9.055797,4,2019-06-18,2019-10-29,Motile,DMSO,100,ARMS_Limfjord_Yellow8_20190618_20191029_MF100,2019_Limfjord_Yellow8_MF100_DMSO,ERR4018496,ERR4018471,ERR4018487,ERR4018473,ERR4018478,ERR4018472
ARMS_Limfjord_Yellow8_20190618_20191029,Denmark,Limfjord,Yellow8,56.902366,9.055797,4,2019-06-18,2019-10-29,Motile,DMSO,500,ARMS_Limfjord_Yellow8_20190618_20191029_MF500,2019_Limfjord_Yellow8_MF500_DMSO,ERR4018494,ERR4018471,ERR4018485,ERR4018473,ERR4018476,ERR4018472
ARMS_Limfjord_Yellow8_20190618_20191029,Denmark,Limfjord,Yellow8,56.902366,9.055797,4,2019-06-18,2019-10-29,Sessile,DMSO,40,ARMS_Limfjord_Yellow8_20190618_20191029_SF40,2019_Limfjord_Yellow8_SF_DMSO,ERR4018495,ERR4018471,ERR4018486,ERR4018473,ERR4018477,ERR4018472
ARMS_Plymouth_MBA1_20180701_20181001,UK,Plymouth,MBA1,50.3674,-4.1552,1,2018-07-01,2018-10-01,Motile,DMSO,100,ARMS_Plymouth_MBA1_20180701_20181001_MF100_DMSO,MBA_ARMS1-MF100-DMSO,ERR7125591,ERR7125582,no longer provided,no longer provided,ERR7125583,ERR7125581
ARMS_Plymouth_MBA1_20180701_20181001,UK,Plymouth,MBA1,50.3674,-4.1552,1,2018-07-01,2018-10-01,Motile,EtOH,100,ARMS_Plymouth_MBA1_20180701_20181001_MF100_ETOH,MBA_ARMS1-MF100-ETOH,ERR7125592,ERR7125582,no longer provided,no longer provided,ERR7125584,ERR7125581
ARMS_Plymouth_MBA1_20180701_20181001,UK,Plymouth,MBA1,50.3674,-4.1552,1,2018-07-01,2018-10-01,Motile,DMSO,500,ARMS_Plymouth_MBA1_20180701_20181001_MF500_DMSO,MBA_ARMS1-MF500-DMSO,ERR7125593,ERR7125582,no longer provided,no longer provided,ERR7125585,ERR7125581
ARMS_Plymouth_MBA1_20180701_20181001,UK,Plymouth,MBA1,50.3674,-4.1552,1,2018-07-01,2018-10-01,Motile,EtOH,500,ARMS_Plymouth_MBA1_20180701_20181001_MF500_ETOH,MBA_ARMS1-MF500-ETOH,ERR7125594,ERR7125582,no longer provided,no longer provided,ERR7125586,ERR7125581
ARMS_Plymouth_MBA1_20180701_20181001,UK,Plymouth,MBA1,50.3674,-4.1552,1,2018-07-01,2018-10-01,Sessile,DMSO,40,ARMS_Plymouth_MBA1_20180701_20181001_SF40_DMSO,MBA_ARMS1-SF-DMSO,ERR7125595,ERR7125582,no longer provided,no longer provided,ERR7125587,ERR7125581
ARMS_Plymouth_MBA1_20180701_20181001,UK,Plymouth,MBA1,50.3674,-4.1552,1,2018-07-01,2018-10-01,Sessile,EtOH,40,ARMS_Plymouth_MBA1_20180701_20181001_SF40_ETOH,MBA_ARMS1-SF-ETOH,ERR7125596,ERR7125582,no longer provided,no longer provided,ERR7125588,ERR7125581
ARMS_Plymouth_MBA1A_20190716_20190916,UK,Plymouth,MBA1A,50.3673,-4.1554,2,2019-07-16,2019-09-16,Motile,DMSO,100,ARMS_Plymouth_MBA1A_20190716_20190916_MF100,2019_MBA_ARMS1A_MF100_DMSO,ERR4018670,ERR4018471,ERR4018661,ERR4018473,ERR4018652,ERR4018472
ARMS_Plymouth_MBA1A_20190716_20190916,UK,Plymouth,MBA1A,50.3673,-4.1554,2,2019-07-16,2019-09-16,Motile,DMSO,500,ARMS_Plymouth_MBA1A_20190716_20190916_MF500,2019_MBA_ARMS1A_MF500_DMSO,ERR4018669,ERR4018471,ERR4018660,ERR4018473,ERR4018651,ERR4018472
ARMS_Plymouth_MBA1A_20190716_20190916,UK,Plymouth,MBA1A,50.3673,-4.1554,2,2019-07-16,2019-09-16,Sessile,DMSO,40,ARMS_Plymouth_MBA1A_20190716_20190916_SF40,2019_MBA_ARMS1A_SF_DMSO,ERR4018671,ERR4018471,ERR4018662,ERR4018473,ERR4018653,ERR4018472
ARMS_Plymouth_MBA1B_20190716_20190918,UK,Plymouth,MBA1B,50.3668,-4.1561,2,2019-07-16,2019-09-18,Motile,DMSO,100,ARMS_Plymouth_MBA1B_20190716_20190918_MF100,2019_MBA_ARMS1B_MF100_DMSO,ERR4018673,ERR4018471,ERR4018664,ERR4018473,ERR4018655,ERR4018472
ARMS_Plymouth_MBA1B_20190716_20190918,UK,Plymouth,MBA1B,50.3668,-4.1561,2,2019-07-16,2019-09-18,Motile,DMSO,500,ARMS_Plymouth_MBA1B_20190716_20190918_MF500,2019_MBA_ARMS1B_MF500_DMSO,ERR4018672,ERR4018471,ERR4018663,ERR4018473,ERR4018654,ERR4018472
ARMS_Plymouth_MBA1B_20190716_20190918,UK,Plymouth,MBA1B,50.3668,-4.1561,2,2019-07-16,2019-09-18,Sessile,DMSO,40,ARMS_Plymouth_MBA1B_20190716_20190918_SF40,2019_MBA_ARMS1B_SF_DMSO,ERR4018674,ERR4018471,ERR4018665,ERR4018473,ERR4018656,ERR4018472
ARMS_Plymouth_MBA1C_20190716_20190920,UK,Plymouth,MBA1C,50.3674,-4.1544,2,2019-07-16,2019-09-20,Motile,DMSO,100,ARMS_Plymouth_MBA1C_20190716_20190920_MF100,2019_MBA_ARMS1C_MF100_DMSO,ERR4018676,ERR4018471,ERR4018667,ERR4018473,ERR4018658,ERR4018472
ARMS_Plymouth_MBA1C_20190716_20190920,UK,Plymouth,MBA1C,50.3674,-4.1544,2,2019-07-16,2019-09-20,Motile,DMSO,500,ARMS_Plymouth_MBA1C_20190716_20190920_MF500,2019_MBA_ARMS1C_MF500_DMSO,ERR4018675,ERR4018471,ERR4018666,ERR4018473,ERR4018657,ERR4018472
ARMS_Plymouth_MBA1C_20190716_20190920,UK,Plymouth,MBA1C,50.3674,-4.1544,2,2019-07-16,2019-09-20,Sessile,DMSO,40,ARMS_Plymouth_MBA1C_20190716_20190920_SF40,2019_MBA_ARMS1C_SF_DMSO,ERR4018677,ERR4018471,ERR4018668,ERR4018473,ERR4018659,ERR4018472
ARMS_Plymouth_MBA2_20180701_20181001,UK,Plymouth,MBA2,50.350134,-4.159167,10,2018-07-01,2018-10-01,Motile,DMSO,100,ARMS_Plymouth_MBA2_20180701_20181001_MF100_DMSO,MBA_ARMS2-MF100-DMSO,failed,failed,ERR4018647,ERR4018475,ERR4605220,ERR4605902
ARMS_Plymouth_MBA2_20180701_20181001,UK,Plymouth,MBA2,50.350134,-4.159167,10,2018-07-01,2018-10-01,Motile,EtOH,100,ARMS_Plymouth_MBA2_20180701_20181001_MF100_ETOH,MBA_ARMS2-MF100-ETOH,failed,failed,ERR4018648,ERR4018475,ERR4605221,ERR4605902
ARMS_Plymouth_MBA2_20180701_20181001,UK,Plymouth,MBA2,50.350134,-4.159167,10,2018-07-01,2018-10-01,Motile,EtOH,500,ARMS_Plymouth_MBA2_20180701_20181001_MF500_ETOH,MBA_ARMS2-MF500-ETOH,ERR4018650,ERR4018737,ERR4018649,ERR4018475,ERR4605222,ERR4605902
ARMS_Plymouth_MBA2_20180701_20181001,UK,Plymouth,MBA2,50.350134,-4.159167,10,2018-07-01,2018-10-01,Sessile,DMSO,40,ARMS_Plymouth_MBA2_20180701_20181001_SF40_DMSO,MBA_ARMS2-SF-DMSO,ERR7125597,ERR7125582,"N/A (As discussed/decided, ITS sequencing has stopped)","N/A (As discussed/decided, ITS sequencing has stopped)",ERR7125589,ERR7125581
ARMS_Plymouth_MBA2_20180701_20181001,UK,Plymouth,MBA2,50.350134,-4.159167,10,2018-07-01,2018-10-01,Sessile,EtOH,40,ARMS_Plymouth_MBA2_20180701_20181001_SF40_ETOH,MBA_ARMS2-SF-ETOH,ERR7125598,ERR7125582,"N/A (As discussed/decided, ITS sequencing has stopped)","N/A (As discussed/decided, ITS sequencing has stopped)",ERR7125590,ERR7125581
ARMS_Roscoff_BasBloS1_20180711_20181025,France,Roscoff,BasBloS1,48.72872,-3.95894,12,2018-07-11,2018-10-25,Motile,DMSO,100,ARMS_Roscoff_BasBloS1_20180711_20181025_MF100_DMSO,BasBlo_2018-MF100-DMSO_1,ERR7125631,ERR7125582,no longer provided,no longer provided,ERR7125618,ERR7125581
ARMS_Roscoff_BasBloS1_20180711_20181025,France,Roscoff,BasBloS1,48.72872,-3.95894,12,2018-07-11,2018-10-25,Motile,DMSO,500,ARMS_Roscoff_BasBloS1_20180711_20181025_MF500_DMSO,BasBlo_2018-MF500-DMSO_1,ERR7125632,ERR7125582,no longer provided,no longer provided,ERR7125619,ERR7125581
ARMS_Roscoff_BasBloS1_20180711_20181025,France,Roscoff,BasBloS1,48.72872,-3.95894,12,2018-07-11,2018-10-25,Sessile,DMSO,40,ARMS_Roscoff_BasBloS1_20180711_20181025_SF40_DMSO,BasBlo_2018-SF-DMSO_1,ERR4018616,ERR3460471,ERR4018614,ERR4018475,ERR4605227,ERR4605902
ARMS_Roscoff_BasBloS1_20180711_20181025,France,Roscoff,BasBloS1,48.72872,-3.95894,12,2018-07-11,2018-10-25,Sessile,DMSO,40,ARMS_Roscoff_BasBloS1_20180711_20181025_SF40_DMSO,BasBlo_2018-SF-DMSO_2,ERR7125633,ERR7125582,no longer provided,no longer provided,ERR7125620,ERR7125581
ARMS_Roscoff_BasBloS1_20180711_20181025,France,Roscoff,BasBloS1,48.72872,-3.95894,12,2018-07-11,2018-10-25,Sessile,EtOH,40,ARMS_Roscoff_BasBloS1_20180711_20181025_SF40_ETOH,BasBlo_2018-SF-ETOH_1,ERR4018615,ERR3460471,ERR4018613,ERR4018475,ERR4605226,ERR4605902
ARMS_Roscoff_BasBloS1_20180711_20181025,France,Roscoff,BasBloS1,48.72872,-3.95894,12,2018-07-11,2018-10-25,Sessile,EtOH,40,ARMS_Roscoff_BasBloS1_20180711_20181025_SF40_ETOH,BasBlo_2018-SF-ETOH_2,ERR7125634,ERR7125582,no longer provided,no longer provided,ERR7125621,ERR7125581
ARMS_Roscoff_BasBloS1_20190612_20200527,France,Roscoff,BasBloS1,48.72872,-3.95894,12,2019-06-12,2020-05-27,Motile,DMSO,100,ARMS_Roscoff_BasBloS1_20190612_20200527_MF100,ARMS_BasBlo_S1_190612-200527_MF100,ERR7125635,ERR7125582,no longer provided,no longer provided,ERR7125622,ERR7125581
ARMS_Roscoff_BasBloS1_20190612_20200527,France,Roscoff,BasBloS1,48.72872,-3.95894,12,2019-06-12,2020-05-27,Motile,DMSO,500,ARMS_Roscoff_BasBloS1_20190612_20200527_MF500,ARMS_BasBlo_S1_190612-200527_MF500,ERR7125636,ERR7125582,no longer provided,no longer provided,ERR7125623,ERR7125581
ARMS_Roscoff_BasBloS1_20190612_20200527,France,Roscoff,BasBloS1,48.72872,-3.95894,12,2019-06-12,2020-05-27,Sessile,DMSO,40,ARMS_Roscoff_BasBloS1_20190612_20200527_SF40,ARMS_BasBlo_S1_190612-200527_SF40,ERR7125601,ERR7125534,ERR7125602,ERR7125535,ERR7125600,ERR7125533
ARMS_Roscoff_BasBloS2_20190612_20200528,France,Roscoff,BasBloS2,48.72872,-3.95894,12,2019-06-12,2020-05-28,Motile,DMSO,100,ARMS_Roscoff_BasBloS2_20190612_20200528_MF100,ARMS_BasBlo_S2_190612-200528_MF100,ERR7125604,ERR7125534,ERR7125605,ERR7125535,ERR7125603,ERR7125533
ARMS_Roscoff_BasBloS2_20190612_20200528,France,Roscoff,BasBloS2,48.72872,-3.95894,12,2019-06-12,2020-05-28,Motile,DMSO,500,ARMS_Roscoff_BasBloS2_20190612_20200528_MF500,ARMS_BasBlo_S2_190612-200528_MF500,ERR7125607,ERR7125534,ERR7125608,ERR7125535,ERR7125606,ERR7125533
ARMS_Roscoff_BasBloS2_20190612_20200528,France,Roscoff,BasBloS2,48.72872,-3.95894,12,2019-06-12,2020-05-28,Sessile,DMSO,40,ARMS_Roscoff_BasBloS2_20190612_20200528_SF40,ARMS_BasBlo_S2_190612-200528_SF40,ERR7125637,ERR7125582,no longer provided,no longer provided,ERR7125624,ERR7125581
ARMS_Roscoff_BasBloS3_20190612_20200529,France,Roscoff,BasBloS3,48.72872,-3.95894,12,2019-06-12,2020-05-29,Motile,DMSO,100,ARMS_Roscoff_BasBloS3_20190612_20200529_MF100,ARMS_BasBlo_S3_190612-200529_MF100,ERR7125610,ERR7125534,ERR7125611,ERR7125535,ERR7125609,ERR7125533
ARMS_Roscoff_BasBloS3_20190612_20200529,France,Roscoff,BasBloS3,48.72872,-3.95894,12,2019-06-12,2020-05-29,Motile,DMSO,500,ARMS_Roscoff_BasBloS3_20190612_20200529_MF500,ARMS_BasBlo_S3_190612-200529_MF500,ERR7125613,ERR7125534,ERR7125614,ERR7125535,ERR7125612,ERR7125533
ARMS_Roscoff_BasBloS3_20190612_20200529,France,Roscoff,BasBloS3,48.72872,-3.95894,12,2019-06-12,2020-05-29,Sessile,DMSO,40,ARMS_Roscoff_BasBloS3_20190612_20200529_SF40,ARMS_BasBlo_S3_190612-200529_SF40,ERR7125616,ERR7125534,ERR7125617,ERR7125535,ERR7125615,ERR7125533
ARMS_Roscoff_MarBloR1_20180709_20181024,France,Roscoff,MarBloR1,48.71751,-3.96649,1,2018-07-09,2018-10-24,Motile,DMSO,100,ARMS_Roscoff_MarBloR1_20180709_20181024_MF100_DMSO,MarBlo_2018-MF100-DMSO_1,ERR7125638,ERR7125582,no longer provided,no longer provided,ERR7125625,ERR7125581
ARMS_Roscoff_MarBloR1_20180709_20181024,France,Roscoff,MarBloR1,48.71751,-3.96649,1,2018-07-09,2018-10-24,Motile,EtOH,100,ARMS_Roscoff_MarBloR1_20180709_20181024_MF100_ETOH,MarBlo_2018-MF100-ETOH_1,ERR7125639,ERR7125582,no longer provided,no longer provided,ERR7125626,ERR7125581
ARMS_Roscoff_MarBloR1_20180709_20181024,France,Roscoff,MarBloR1,48.71751,-3.96649,1,2018-07-09,2018-10-24,Motile,DMSO,500,ARMS_Roscoff_MarBloR1_20180709_20181024_MF500_DMSO,MarBlo_2018-MF500-DMSO_1,ERR7125640,ERR7125582,no longer provided,no longer provided,ERR7125627,ERR7125581
ARMS_Roscoff_MarBloR1_20180709_20181024,France,Roscoff,MarBloR1,48.71751,-3.96649,1,2018-07-09,2018-10-24,Motile,EtOH,500,ARMS_Roscoff_MarBloR1_20180709_20181024_MF500_ETOH,MarBlo_2018-MF500-ETOH_1,ERR7125641,ERR7125582,no longer provided,no longer provided,ERR7125628,ERR7125581
ARMS_Roscoff_MarBloR1_20180709_20181024,France,Roscoff,MarBloR1,48.71751,-3.96649,1,2018-07-09,2018-10-24,Sessile,DMSO,40,ARMS_Roscoff_MarBloR1_20180709_20181024_SF40_DMSO,Marblo_2018-SF-DMSO,ERR7125643,ERR7125582,no longer provided,no longer provided,ERR7125629,ERR7125581
ARMS_Roscoff_MarBloR1_20180709_20181024,France,Roscoff,MarBloR1,48.71751,-3.96649,1,2018-07-09,2018-10-24,Sessile,EtOH,40,ARMS_Roscoff_MarBloR1_20180709_20181024_SF40_ETOH,Marblo_2018-SF-ETOH_1,ERR7125643,ERR7125582,no longer provided,no longer provided,ERR7125630,ERR7125581
ARMS_Roscoff_MarBloR1_20190612_20190916,France,Roscoff,MarBloR1,48.71751,-3.96649,1,2019-06-12,2019-09-16,Motile,DMSO,100,ARMS_Roscoff_MarBloR1_20190612_20190916_MF100,2019_MBlo_R1_MF100_DMSO,ERR4018635,ERR4018471,ERR4018626,ERR4018473,ERR4018617,ERR4018472
ARMS_Roscoff_MarBloR1_20190612_20190916,France,Roscoff,MarBloR1,48.71751,-3.96649,1,2019-06-12,2019-09-16,Motile,DMSO,500,ARMS_Roscoff_MarBloR1_20190612_20190916_MF500,2019_MBlo_R1_MF500_DMSO,ERR4018636,ERR4018471,ERR4018627,ERR4018473,ERR4018618,ERR4018472
ARMS_Roscoff_MarBloR1_20190612_20190916,France,Roscoff,MarBloR1,48.71751,-3.96649,1,2019-06-12,2019-09-16,Sessile,DMSO,40,ARMS_Roscoff_MarBloR1_20190612_20190916_SF40,2019_MBlo_R1_SF40_DMSO,ERR4018637,ERR4018471,ERR4018628,ERR4018473,ERR4018619,ERR4018472
ARMS_Roscoff_MarBloR2_20190612_20190917,France,Roscoff,MarBloR2,48.71751,-3.96649,1,2019-06-12,2019-09-17,Motile,DMSO,100,ARMS_Roscoff_MarBloR2_20190612_20190917_MF100,2019_MBlo_R2_MF100_DMSO,ERR4018638,ERR4018471,ERR4018629,ERR4018473,ERR4018620,ERR4018472
ARMS_Roscoff_MarBloR2_20190612_20190917,France,Roscoff,MarBloR2,48.71751,-3.96649,1,2019-06-12,2019-09-17,Motile,DMSO,500,ARMS_Roscoff_MarBloR2_20190612_20190917_MF500,2019_MBlo_R2_MF500_DMSO,ERR4018639,ERR4018471,ERR4018630,ERR4018473,ERR4018621,ERR4018472
ARMS_Roscoff_MarBloR2_20190612_20190917,France,Roscoff,MarBloR2,48.71751,-3.96649,1,2019-06-12,2019-09-17,Sessile,DMSO,40,ARMS_Roscoff_MarBloR2_20190612_20190917_SF40,2019_MBlo_R2_SF40_DMSO,ERR4018640,ERR4018471,ERR4018631,ERR4018473,ERR4018622,ERR4018472
ARMS_Roscoff_MarBloR3_20190612_20190918,France,Roscoff,MarBloR3,48.71751,-3.96649,1,2019-06-12,2019-09-18,Motile,DMSO,100,ARMS_Roscoff_MarBloR3_20190612_20190918_MF100,2019_MBlo_R3_MF100_DMSO,ERR4018641,ERR4018471,ERR4018632,ERR4018473,ERR4018623,ERR4018472
ARMS_Roscoff_MarBloR3_20190612_20190918,France,Roscoff,MarBloR3,48.71751,-3.96649,1,2019-06-12,2019-09-18,Motile,DMSO,500,ARMS_Roscoff_MarBloR3_20190612_20190918_MF500,2019_MBlo_R3_MF500_DMSO,ERR4018642,ERR4018471,ERR4018633,ERR4018473,ERR4018624,ERR4018472
ARMS_Roscoff_MarBloR3_20190612_20190918,France,Roscoff,MarBloR3,48.71751,-3.96649,1,2019-06-12,2019-09-18,Sessile,DMSO,40,ARMS_Roscoff_MarBloR3_20190612_20190918_SF40,2019_MBlo_R3_SF40_DMSO,ERR4018643,ERR4018471,ERR4018634,ERR4018473,ERR4018625,ERR4018472
ARMS_Svalbard_S1_20180706_20190806,Norway,Svalbard,S1,78.21302778,15.23361111,14,2018-07-06,2019-08-06,Motile,EtOH,100,ARMS_Svalbard_S1_20180706_20190806_MF100_ETOH,2019-Svalbard-S1-MF100-EtOH,ERR7127659,ERR7125582,no longer provided,no longer provided,ERR7127653,ERR7125581
ARMS_Svalbard_S1_20180706_20190806,Norway,Svalbard,S1,78.21302778,15.23361111,14,2018-07-06,2019-08-06,Motile,EtOH,500,ARMS_Svalbard_S1_20180706_20190806_MF500_ETOH,2019-Svalbard-S1-MF500-EtOH,ERR7127636,ERR7125534,ERR7127637,ERR7125535,ERR7127635,ERR7125533
ARMS_Svalbard_S1_20180706_20190806,Norway,Svalbard,S1,78.21302778,15.23361111,14,2018-07-06,2019-08-06,Sessile,EtOH,40,ARMS_Svalbard_S1_20180706_20190806_SF40_ETOH,2019-Svalbard-S1-SF-EtOH,ERR7127639,ERR7125534,ERR7127640,ERR7125535,ERR7127638,ERR7125533
ARMS_Svalbard_S1_20190806_20200804,Norway,Svalbard,S1,78.21302778,15.23361111,14,2019-08-06,2020-08-04,Motile,DMSO,100,ARMS_Svalbard_S1_20190806_20200804_MF100,ARMS_Svalbard_S1_190806-200804_SF100,ERR7127642,ERR7125534,ERR7127643,ERR7125535,ERR7127641,ERR7125533
ARMS_Svalbard_S1_20190806_20200804,Norway,Svalbard,S1,78.21302778,15.23361111,14,2019-08-06,2020-08-04,Motile,DMSO,500,ARMS_Svalbard_S1_20190806_20200804_MF500,ARMS_Svalbard_S1_190806-200804_SF500,ERR7127645,ERR7125534,ERR7127646,ERR7125535,ERR7127644,ERR7125533
ARMS_Svalbard_S1_20190806_20200804,Norway,Svalbard,S1,78.21302778,15.23361111,14,2019-08-06,2020-08-04,Sessile,DMSO,40,ARMS_Svalbard_S1_20190806_20200804_SF40,ARMS_Svalbard_S1_190806-200804_SF40,ERR7127660,ERR7125582,no longer provided,no longer provided,ERR7127654,ERR7125581
ARMS_Svalbard_S2_20180708_20190805,Norway,Svalbard,S2,78.18833333,15.14472222,14,2018-07-08,2019-08-05,Motile,EtOH,100,ARMS_Svalbard_S2_20180708_20190805_MF100_ETOH,2019-Svalbard-S2-MF100-EtOH,ERR7127648,ERR7125534,ERR7127649,ERR7125535,ERR7127647,ERR7125533
ARMS_Svalbard_S2_20180708_20190805,Norway,Svalbard,S2,78.18833333,15.14472222,14,2018-07-08,2019-08-05,Motile,EtOH,500,ARMS_Svalbard_S2_20180708_20190805_MF500_ETOH,2019-Svalbard-S2-MF500-EtOH,ERR7127661,ERR7125582,no longer provided,no longer provided,ERR7127655,ERR7125581
ARMS_Svalbard_S2_20180708_20190805,Norway,Svalbard,S2,78.18833333,15.14472222,14,2018-07-08,2019-08-05,Sessile,EtOH,40,ARMS_Svalbard_S2_20180708_20190805_SF40_ETOH,2019-Svalbard-S2-SF-EtOH,ERR7127662,ERR7125582,no longer provided,no longer provided,ERR7127656,ERR7125581
ARMS_Svalbard_S2_20190805_20200801,Norway,Svalbard,S2,78.18833333,15.14472222,14,2019-08-05,2020-08-01,Motile,DMSO,100,ARMS_Svalbard_S2_20190805_20200801_MF100,ARMS_Svalbard_S2_190805-200801_SF100,ERR7127663,ERR7125582,no longer provided,no longer provided,ERR7127657,ERR7125581
ARMS_Svalbard_S2_20190805_20200801,Norway,Svalbard,S2,78.18833333,15.14472222,14,2019-08-05,2020-08-01,Motile,DMSO,500,ARMS_Svalbard_S2_20190805_20200801_MF500,ARMS_Svalbard_S2_190805-200801_SF500,ERR7127664,ERR7125582,no longer provided,no longer provided,ERR7127658,ERR7125581
ARMS_Svalbard_S2_20190805_20200801,Norway,Svalbard,S2,78.18833333,15.14472222,14,2019-08-05,2020-08-01,Sessile,DMSO,40,ARMS_Svalbard_S2_20190805_20200801_SF40,ARMS_Svalbard_S2_190805-200801_SF40,ERR7127651,ERR7125534,ERR7127652,ERR7125535,ERR7127650,ERR7125533
ARMS_SWC_Bjorko1_20200131_20200518,Sweden,SWC,Bjorko1,57.717984,11.679989,2,2020-01-31,2020-05-18,Motile,DMSO,100,ARMS_SWC_Bjorko1_20200131_20200518_MF100,ARMS_SWC_Bjorko1_200131-200518_MF100,ERR4914112,ERR4914160,ERR4914170,ERR4914218,ERR4914054,ERR4914102
ARMS_SWC_Bjorko1_20200131_20200518,Sweden,SWC,Bjorko1,57.717984,11.679989,2,2020-01-31,2020-05-18,Motile,DMSO,500,ARMS_SWC_Bjorko1_20200131_20200518_MF500,ARMS_SWC_Bjorko1_200131-200518_MF500,ERR4914113,ERR4914160,ERR4914171,ERR4914218,ERR4914055,ERR4914102
ARMS_SWC_Bjorko1_20200131_20200518,Sweden,SWC,Bjorko1,57.717984,11.679989,2,2020-01-31,2020-05-18,Sessile,DMSO,40,ARMS_SWC_Bjorko1_20200131_20200518_SF40,ARMS_SWC_Bjorko1_200131-200518_SF40,ERR4914114,ERR4914160,ERR4914172,ERR4914218,ERR4914056,ERR4914102
ARMS_SWC_Gbg1_20200206_20200520,Sweden,SWC,Gbg1,57.664805,11.714735,6,2020-02-06,2020-05-20,Motile,DMSO,100,ARMS_SWC_Gbg1_20200206_20200520_MF100,ARMS_SWC_Gbg1_200206-200520_MF100,ERR4914115,ERR4914160,NA,NA,ERR4914057,ERR4914102
ARMS_SWC_Gbg1_20200206_20200520,Sweden,SWC,Gbg1,57.664805,11.714735,6,2020-02-06,2020-05-20,Motile,DMSO,500,ARMS_SWC_Gbg1_20200206_20200520_MF500,ARMS_SWC_Gbg1_200206-200520_MF500,ERR4914116,ERR4914160,ERR4914174,ERR4914218,ERR4914058,ERR4914102
ARMS_SWC_Gbg1_20200206_20200520,Sweden,SWC,Gbg1,57.664805,11.714735,6,2020-02-06,2020-05-20,Sessile,DMSO,40,ARMS_SWC_Gbg1_20200206_20200520_SF40,ARMS_SWC_Gbg1_200206-200520_SF40,ERR4914117,ERR4914160,ERR4914175,ERR4914218,ERR4914059,ERR4914102
ARMS_SWC_Gbg2_20200206_20200520,Sweden,SWC,Gbg2,57.664608,11.732876,24,2020-02-06,2020-05-20,Motile,DMSO,100,ARMS_SWC_Gbg2_20200206_20200520_MF100,ARMS_SWC_Gbg2_200206-200520_MF100,ERR4914118,ERR4914160,ERR4914176,ERR4914218,ERR4914060,ERR4914102
ARMS_SWC_Gbg2_20200206_20200520,Sweden,SWC,Gbg2,57.664608,11.732876,24,2020-02-06,2020-05-20,Motile,DMSO,500,ARMS_SWC_Gbg2_20200206_20200520_MF500,ARMS_SWC_Gbg2_200206-200520_MF500,ERR4914119,ERR4914160,ERR4914177,ERR4914218,ERR4914061,ERR4914102
ARMS_SWC_Gbg2_20200206_20200520,Sweden,SWC,Gbg2,57.664608,11.732876,24,2020-02-06,2020-05-20,Sessile,DMSO,40,ARMS_SWC_Gbg2_20200206_20200520_SF40,ARMS_SWC_Gbg2_200206-200520_SF40,ERR4914120,ERR4914160,ERR4914178,ERR4914218,ERR4914062,ERR4914102
ARMS_SWC_Gbg3_20200206_20200529,Sweden,SWC,Gbg3,57.680533,11.740578,8,2020-02-06,2020-05-29,Motile,DMSO,100,ARMS_SWC_Gbg3_20200206_20200529_MF100,ARMS_SWC_Gbg3_200206-200529_MF100,ERR4914121,ERR4914160,ERR4914179,ERR4914218,ERR4914063,ERR4914102
ARMS_SWC_Gbg3_20200206_20200529,Sweden,SWC,Gbg3,57.680533,11.740578,8,2020-02-06,2020-05-29,Motile,DMSO,500,ARMS_SWC_Gbg3_20200206_20200529_MF500,ARMS_SWC_Gbg3_200206-200529_MF500,ERR4914122,ERR4914160,ERR4914180,ERR4914218,ERR4914064,ERR4914102
ARMS_SWC_Gbg3_20200206_20200529,Sweden,SWC,Gbg3,57.680533,11.740578,8,2020-02-06,2020-05-29,Sessile,DMSO,40,ARMS_SWC_Gbg3_20200206_20200529_SF40,ARMS_SWC_Gbg3_200206-200529_SF40,ERR4914123,ERR4914160,ERR4914181,ERR4914218,ERR4914065,ERR4914102
ARMS_SWC_Gbg4_20200206_20200529,Sweden,SWC,Gbg4,57.680805,11.728331,6,2020-02-06,2020-05-29,Motile,DMSO,100,ARMS_SWC_Gbg4_20200206_20200529_MF100,ARMS_SWC_Gbg4_200206-200529_MF100,ERR4914124,ERR4914160,ERR4914182,ERR4914218,ERR4914066,ERR4914102
ARMS_SWC_Gbg4_20200206_20200529,Sweden,SWC,Gbg4,57.680805,11.728331,6,2020-02-06,2020-05-29,Motile,DMSO,500,ARMS_SWC_Gbg4_20200206_20200529_MF500,ARMS_SWC_Gbg4_200206-200529_MF500,ERR4914125,ERR4914160,ERR4914183,ERR4914218,ERR4914067,ERR4914102
ARMS_SWC_Gbg4_20200206_20200529,Sweden,SWC,Gbg4,57.680805,11.728331,6,2020-02-06,2020-05-29,Sessile,DMSO,40,ARMS_SWC_Gbg4_20200206_20200529_SF40,ARMS_SWC_Gbg4_200206-200529_SF40,ERR4914126,ERR4914160,ERR4914184,ERR4914218,ERR4914068,ERR4914102
ARMS_SWC_Helsingborg1_20200305_20200604,Sweden,SWC,Helsingborg1,56.026272,12.695728,2,2020-03-05,2020-06-04,Motile,DMSO,100,ARMS_SWC_Helsingborg1_20200305_20200604_MF100,ARMS_SWC_Helsingborg1_200305-200604_MF100,ERR4914127,ERR4914160,ERR4914185,ERR4914218,ERR4914069,ERR4914102
ARMS_SWC_Helsingborg1_20200305_20200604,Sweden,SWC,Helsingborg1,56.026272,12.695728,2,2020-03-05,2020-06-04,Motile,DMSO,500,ARMS_SWC_Helsingborg1_20200305_20200604_MF500,ARMS_SWC_Helsingborg1_200305-200604_MF500,ERR4914128,ERR4914160,ERR4914186,ERR4914218,ERR4914070,ERR4914102
ARMS_SWC_Helsingborg1_20200305_20200604,Sweden,SWC,Helsingborg1,56.026272,12.695728,2,2020-03-05,2020-06-04,Sessile,DMSO,40,ARMS_SWC_Helsingborg1_20200305_20200604_SF40,ARMS_SWC_Helsingborg1_200305-200604_SF40,ERR4914129,ERR4914160,ERR4914187,ERR4914218,ERR4914071,ERR4914102
ARMS_SWC_Helsingborg2_20200305_20200604,Sweden,SWC,Helsingborg2,56.018061,12.700541,2,2020-03-05,2020-06-04,Motile,DMSO,100,ARMS_SWC_Helsingborg2_20200305_20200604_MF100,ARMS_SWC_Helsingborg2_200305-200604_MF100,ERR4914130,ERR4914160,ERR4914188,ERR4914218,ERR4914072,ERR4914102
ARMS_SWC_Helsingborg2_20200305_20200604,Sweden,SWC,Helsingborg2,56.018061,12.700541,2,2020-03-05,2020-06-04,Motile,DMSO,500,ARMS_SWC_Helsingborg2_20200305_20200604_MF500,ARMS_SWC_Helsingborg2_200305-200604_MF500,ERR4914131,ERR4914160,ERR4914189,ERR4914218,ERR4914073,ERR4914102
ARMS_SWC_Helsingborg2_20200305_20200604,Sweden,SWC,Helsingborg2,56.018061,12.700541,2,2020-03-05,2020-06-04,Sessile,DMSO,40,ARMS_SWC_Helsingborg2_20200305_20200604_SF40,ARMS_SWC_Helsingborg2_200305-200604_SF40,ERR4914132,ERR4914160,ERR4914190,ERR4914218,ERR4914074,ERR4914102
ARMS_SWC_Hjuvik1_20200131_20200518,Sweden,SWC,Hjuvik1,57.703221,11.711363,2,2020-01-31,2020-05-18,Motile,DMSO,100,ARMS_SWC_Hjuvik1_20200131_20200518_MF100,ARMS_SWC_Hjuvik1_200131-200518_MF100,ERR4914133,ERR4914160,ERR4914191,ERR4914218,ERR4914075,ERR4914102
ARMS_SWC_Hjuvik1_20200131_20200518,Sweden,SWC,Hjuvik1,57.703221,11.711363,2,2020-01-31,2020-05-18,Motile,DMSO,500,ARMS_SWC_Hjuvik1_20200131_20200518_MF500,ARMS_SWC_Hjuvik1_200131-200518_MF500,ERR4914134,ERR4914160,ERR4914192,ERR4914218,ERR4914076,ERR4914102
ARMS_SWC_Hjuvik1_20200131_20200518,Sweden,SWC,Hjuvik1,57.703221,11.711363,2,2020-01-31,2020-05-18,Sessile,DMSO,40,ARMS_SWC_Hjuvik1_20200131_20200518_SF40,ARMS_SWC_Hjuvik1_200131-200518_SF40,ERR4914135,ERR4914160,ERR4914193,ERR4914218,ERR4914077,ERR4914102
ARMS_SWC_Marstrand1_20200228_20200527,Sweden,SWC,Marstrand1,57.914434,11.594154,5,2020-02-28,2020-05-27,Motile,DMSO,100,ARMS_SWC_Marstrand1_20200228_20200527_MF100,ARMS_SWC_Marstrand1_200228-200527_MF100,ERR4914136,ERR4914160,ERR4914194,ERR4914218,ERR4914078,ERR4914102
ARMS_SWC_Marstrand1_20200228_20200527,Sweden,SWC,Marstrand1,57.914434,11.594154,5,2020-02-28,2020-05-27,Motile,DMSO,500,ARMS_SWC_Marstrand1_20200228_20200527_MF500,ARMS_SWC_Marstrand1_200228-200527_MF500,ERR4914137,ERR4914160,ERR4914195,ERR4914218,ERR4914079,ERR4914102
ARMS_SWC_Marstrand1_20200228_20200527,Sweden,SWC,Marstrand1,57.914434,11.594154,5,2020-02-28,2020-05-27,Sessile,DMSO,40,ARMS_SWC_Marstrand1_20200228_20200527_SF40,ARMS_SWC_Marstrand1_200228-200527_SF40,ERR4914138,ERR4914160,ERR4914196,ERR4914218,ERR4914080,ERR4914102
ARMS_SWC_Marstrand2_20200228_20200527,Sweden,SWC,Marstrand2,57.903512,11.581548,5,2020-02-28,2020-05-27,Motile,DMSO,100,ARMS_SWC_Marstrand2_20200228_20200527_MF100,ARMS_SWC_Marstrand2_200228-200527_MF100,ERR4914139,ERR4914160,ERR4914197,ERR4914218,ERR4914081,ERR4914102
ARMS_SWC_Marstrand2_20200228_20200527,Sweden,SWC,Marstrand2,57.903512,11.581548,5,2020-02-28,2020-05-27,Motile,DMSO,500,ARMS_SWC_Marstrand2_20200228_20200527_MF500,ARMS_SWC_Marstrand2_200228-200527_MF500,ERR4914140,ERR4914160,ERR4914198,ERR4914218,ERR4914082,ERR4914102
ARMS_SWC_Marstrand2_20200228_20200527,Sweden,SWC,Marstrand2,57.903512,11.581548,5,2020-02-28,2020-05-27,Sessile,DMSO,40,ARMS_SWC_Marstrand2_20200228_20200527_SF40,ARMS_SWC_Marstrand2_200228-200527_SF40,ERR4914141,ERR4914160,ERR4914199,ERR4914218,ERR4914083,ERR4914102
ARMS_SWC_Marstrand3_20200228_20200527,Sweden,SWC,Marstrand3,57.889278,11.585722,5,2020-02-28,2020-05-27,Motile,DMSO,100,ARMS_SWC_Marstrand3_20200228_20200527_MF100,ARMS_SWC_Marstrand3_200228-200527_MF100,ERR4914142,ERR4914160,ERR4914200,ERR4914218,ERR4914084,ERR4914102
ARMS_SWC_Marstrand3_20200228_20200527,Sweden,SWC,Marstrand3,57.889278,11.585722,5,2020-02-28,2020-05-27,Motile,DMSO,500,ARMS_SWC_Marstrand3_20200228_20200527_MF500,ARMS_SWC_Marstrand3_200228-200527_MF500,ERR4914143,ERR4914160,ERR4914201,ERR4914218,ERR4914085,ERR4914102
ARMS_SWC_Marstrand3_20200228_20200527,Sweden,SWC,Marstrand3,57.889278,11.585722,5,2020-02-28,2020-05-27,Sessile,DMSO,40,ARMS_SWC_Marstrand3_20200228_20200527_SF40,ARMS_SWC_Marstrand3_200228-200527_SF40,ERR4914144,ERR4914160,ERR4914202,ERR4914218,ERR4914086,ERR4914102
ARMS_SWC_Preemraff1_20200401_20200715,Sweden,SWC,Preemraff1,58.3533,11.43486,3,2020-04-01,2020-07-15,Motile,DMSO,100,ARMS_SWC_Preemraff1_20200401_20200715_MF100,ARMS_SWC_Preemraff1_200401-200715_MF100,ERR4914154,ERR4914160,ERR4914212,ERR4914218,ERR4914096,ERR4914102
ARMS_SWC_Preemraff1_20200401_20200715,Sweden,SWC,Preemraff1,58.3533,11.43486,3,2020-04-01,2020-07-15,Motile,DMSO,500,ARMS_SWC_Preemraff1_20200401_20200715_MF500,ARMS_SWC_Preemraff1_200401-200715_MF500,ERR4914155,ERR4914160,ERR4914213,ERR4914218,ERR4914097,ERR4914102
ARMS_SWC_Preemraff1_20200401_20200715,Sweden,SWC,Preemraff1,58.3533,11.43486,3,2020-04-01,2020-07-15,Sessile,DMSO,40,ARMS_SWC_Preemraff1_20200401_20200715_SF40,ARMS_SWC_Preemraff1_200401-200715_SF40,ERR4914156,ERR4914160,ERR4914214,ERR4914218,ERR4914098,ERR4914102
ARMS_SWC_Preemraff2_20200401_20200715,Sweden,SWC,Preemraff2,58.35405,11.43394,3,2020-04-01,2020-07-15,Motile,DMSO,100,ARMS_SWC_Preemraff2_20200401_20200715_MF100,ARMS_SWC_Preemraff2_200401-200715_MF100,ERR4914157,ERR4914160,ERR4914215,ERR4914218,ERR4914099,ERR4914102
ARMS_SWC_Preemraff2_20200401_20200715,Sweden,SWC,Preemraff2,58.35405,11.43394,3,2020-04-01,2020-07-15,Motile,DMSO,500,ARMS_SWC_Preemraff2_20200401_20200715_MF500,ARMS_SWC_Preemraff2_200401-200715_MF500,ERR4914158,ERR4914160,ERR4914216,ERR4914218,ERR4914100,ERR4914102
ARMS_SWC_Preemraff2_20200401_20200715,Sweden,SWC,Preemraff2,58.35405,11.43394,3,2020-04-01,2020-07-15,Sessile,DMSO,40,ARMS_SWC_Preemraff2_20200401_20200715_SF40,ARMS_SWC_Preemraff2_200401-200715_SF40,ERR4914159,ERR4914160,ERR4914217,ERR4914218,ERR4914101,ERR4914102
ARMS_SWC_Varberg1_20200213_20200603,Sweden,SWC,Varberg1,57.1133741,12.2299832,2,2020-02-13,2020-06-03,Motile,DMSO,100,ARMS_SWC_Varberg1_20200213_20200603_MF100,ARMS_SWC_Varberg1_200213-200603_MF100,ERR4914145,ERR4914160,ERR4914203,ERR4914218,ERR4914087,ERR4914102
ARMS_SWC_Varberg1_20200213_20200603,Sweden,SWC,Varberg1,57.1133741,12.2299832,2,2020-02-13,2020-06-03,Motile,DMSO,500,ARMS_SWC_Varberg1_20200213_20200603_MF500,ARMS_SWC_Varberg1_200213-200603_MF500,ERR4914146,ERR4914160,ERR4914204,ERR4914218,ERR4914088,ERR4914102
ARMS_SWC_Varberg1_20200213_20200603,Sweden,SWC,Varberg1,57.1133741,12.2299832,2,2020-02-13,2020-06-03,Sessile,DMSO,40,ARMS_SWC_Varberg1_20200213_20200603_SF40,ARMS_SWC_Varberg1_200213-200603_SF40,ERR4914147,ERR4914160,ERR4914205,ERR4914218,ERR4914089,ERR4914102
ARMS_SWC_Varberg2_20200213_20200603,Sweden,SWC,Varberg2,57.1126278,12.2302732,2,2020-02-13,2020-06-03,Motile,DMSO,100,ARMS_SWC_Varberg2_20200213_20200603_MF100,ARMS_SWC_Varberg2_200213-200603_MF100,ERR4914148,ERR4914160,ERR4914206,ERR4914218,ERR4914090,ERR4914102
ARMS_SWC_Varberg2_20200213_20200603,Sweden,SWC,Varberg2,57.1126278,12.2302732,2,2020-02-13,2020-06-03,Motile,DMSO,500,ARMS_SWC_Varberg2_20200213_20200603_MF500,ARMS_SWC_Varberg2_200213-200603_MF500,ERR4914149,ERR4914160,ERR4914207,ERR4914218,ERR4914091,ERR4914102
ARMS_SWC_Varberg2_20200213_20200603,Sweden,SWC,Varberg2,57.1126278,12.2302732,2,2020-02-13,2020-06-03,Sessile,DMSO,40,ARMS_SWC_Varberg2_20200213_20200603_SF40,ARMS_SWC_Varberg2_200213-200603_SF40,ERR4914150,ERR4914160,ERR4914208,ERR4914218,ERR4914092,ERR4914102
ARMS_SWC_Varberg3_20200213_20200603,Sweden,SWC,Varberg3,57.1107004,12.2439775,2,2020-02-13,2020-06-03,Motile,DMSO,100,ARMS_SWC_Varberg3_20200213_20200603_MF100,ARMS_SWC_Varberg3_200213-200603_MF100,ERR4914151,ERR4914160,ERR4914209,ERR4914218,ERR4914093,ERR4914102
ARMS_SWC_Varberg3_20200213_20200603,Sweden,SWC,Varberg3,57.1107004,12.2439775,2,2020-02-13,2020-06-03,Motile,DMSO,500,ARMS_SWC_Varberg3_20200213_20200603_MF500,ARMS_SWC_Varberg3_200213-200603_MF500,ERR4914152,ERR4914160,ERR4914210,ERR4914218,ERR4914094,ERR4914102
ARMS_SWC_Varberg3_20200213_20200603,Sweden,SWC,Varberg3,57.1107004,12.2439775,2,2020-02-13,2020-06-03,Sessile,DMSO,40,ARMS_SWC_Varberg3_20200213_20200603_SF40,ARMS_SWC_Varberg3_200213-200603_SF40,ERR4914153,ERR4914160,ERR4914211,ERR4914218,ERR4914095,ERR4914102
ARMS_TZS_Angbat_20180711_20181106,Finland,TZS,Angbat,59.841505,23.248879,4,2018-07-11,2018-11-06,Motile,EtOH,100,ARMS_TZS_Angbat_20180711_20181106_MF100_ETOH,ANG-MF100-ETOH (2-3),ERR7125522,ERR7125582,no longer provided,no longer provided,ERR7125518,ERR7125581
ARMS_TZS_Angbat_20180711_20181106,Finland,TZS,Angbat,59.841505,23.248879,4,2018-07-11,2018-11-06,Motile,EtOH,500,ARMS_TZS_Angbat_20180711_20181106_MF500_ETOH,ANG-MF500-ETOH (1),ERR4018733,ERR4018737,ERR4018731,ERR4018475,ERR4605225,ERR4605902
ARMS_TZS_Angbat_20180711_20181106,Finland,TZS,Angbat,59.841505,23.248879,4,2018-07-11,2018-11-06,Sessile,EtOH,48,ARMS_TZS_Angbat_20180711_20181106_SF48_ETOH,ANG-PSF-ETOH (8-10),ERR7125523,ERR7125582,no longer provided,no longer provided,ERR7125519,ERR7125581
ARMS_TZS_Angbat_20200608_20201117,Finland,TZS,Angbat,59.841505,23.248879,4,2020-06-08,2020-11-17,Motile,EtOH,100,ARMS_TZS_Angbat_20200608_20201117_MF100,ARMS_TZS_ANG_200608-201117_MF100_ETOH,ERR7125501,ERR7125534,ERR7125502,ERR7125535,ERR7125500,ERR7125533
ARMS_TZS_Angbat_20200608_20201117,Finland,TZS,Angbat,59.841505,23.248879,4,2020-06-08,2020-11-17,Motile,EtOH,500,ARMS_TZS_Angbat_20200608_20201117_MF500,ARMS_TZS_ANG_200608-201117_MF500_ETOH,ERR7125504,ERR7125534,ERR7125505,ERR7125535,ERR7125503,ERR7125533
ARMS_TZS_Angbat_20200608_20201117,Finland,TZS,Angbat,59.841505,23.248879,4,2020-06-08,2020-11-17,Sessile,EtOH,40,ARMS_TZS_Angbat_20200608_20201117_SF40,ARMS_TZS_ANG_200608-201117_SF40_ETOH_A,ERR7125507,ERR7125534,ERR7125508,ERR7125535,ERR7125506,ERR7125533
ARMS_TZS_Kummelkobben_20200608_20201120,Finland,TZS,Kummelkobben,59.86442,23.265084,6,2020-06-08,2020-11-20,Motile,EtOH,100,ARMS_TZS_Kummelkobben_20200608_20201120_MF100,ARMS_TZS_KUMM_200608-201120_MF100_ETOH,ERR7125510,ERR7125534,ERR7125511,ERR7125535,ERR7125509,ERR7125533
ARMS_TZS_Kummelkobben_20200608_20201120,Finland,TZS,Kummelkobben,59.86442,23.265084,6,2020-06-08,2020-11-20,Motile,EtOH,500,ARMS_TZS_Kummelkobben_20200608_20201120_MF500,ARMS_TZS_KUMM_200608-201120_MF500_ETOH,ERR7125513,ERR7125534,ERR7125514,ERR7125535,ERR7125512,ERR7125533
ARMS_TZS_Kummelkobben_20200608_20201120,Finland,TZS,Kummelkobben,59.86442,23.265084,6,2020-06-08,2020-11-20,Sessile,EtOH,40,ARMS_TZS_Kummelkobben_20200608_20201120_SF40,ARMS_TZS_KUMM_200608-201120_SF40_ETOH_A,ERR7125516,ERR7125534,ERR7125517,ERR7125535,ERR7125515,ERR7125533
ARMS_TZS_Spikarna_20180711_20181107,Finland,TZS,Spikarna,59.81094,23.206216,3,2018-07-11,2018-11-07,Motile,EtOH,100,ARMS_TZS_Spikarna_20180711_20181107_MF100_ETOH,SPI-MF100-ETOH (37),ERR7125524,ERR7125582,no longer provided,no longer provided,ERR7125520,ERR7125581
ARMS_TZS_Spikarna_20180711_20181107,Finland,TZS,Spikarna,59.81094,23.206216,3,2018-07-11,2018-11-07,Motile,EtOH,500,ARMS_TZS_Spikarna_20180711_20181107_MF500_ETOH,SPI-MF500-ETOH (36),ERR4018732,ERR4018737,ERR4018730,ERR4018475,ERR4605224,ERR4605902
ARMS_TZS_Spikarna_20180711_20181107,Finland,TZS,Spikarna,59.81094,23.206216,3,2018-07-11,2018-11-07,Sessile,EtOH,48,ARMS_TZS_Spikarna_20180711_20181107_SF48_ETOH,SPI-PSF-ETOH (104-106),ERR7125525,ERR7125582,no longer provided,no longer provided,ERR7125521,ERR7125581
ARMS_Vigo_TorallaA_20180607_20180924,Spain,Vigo,TorallaA,42.233333,-8.783333,12,2018-06-07,2018-09-24,Motile,EtOH,100,ARMS_Vigo_TorallaA_20180607_20180924_MF100_ETOH,JT1-MF100-ETOH,ERR7127712,ERR7125582,no longer provided,no longer provided,ERR7127701,ERR7125581
ARMS_Vigo_TorallaA_20180607_20180924,Spain,Vigo,TorallaA,42.233333,-8.783333,12,2018-06-07,2018-09-24,Motile,EtOH,500,ARMS_Vigo_TorallaA_20180607_20180924_MF500_ETOH,JT1-MF500-ETOH,ERR7127713,ERR7125582,no longer provided,no longer provided,ERR7127702,ERR7125581
ARMS_Vigo_TorallaA_20180607_20180924,Spain,Vigo,TorallaA,42.233333,-8.783333,12,2018-06-07,2018-09-24,Sessile,EtOH,40,ARMS_Vigo_TorallaA_20180607_20180924_SF40_ETOH,JT1-SF40-ETOH,ERR4018703,ERR4018737,ERR4018702,ERR4018475,ERR4605223,ERR4605902
ARMS_Vigo_TorallaA_20190625_20191014,Spain,Vigo,TorallaA,42.233333,-8.783333,12,2019-06-25,2019-10-14,Motile,DMSO,100,ARMS_Vigo_TorallaA_20190625_20191014_MF100,JTBL_A_MF100,ERR4018716,ERR4018471,ERR4018710,ERR4018473,ERR4018704,ERR4018472
ARMS_Vigo_TorallaA_20190625_20191014,Spain,Vigo,TorallaA,42.233333,-8.783333,12,2019-06-25,2019-10-14,Motile,DMSO,500,ARMS_Vigo_TorallaA_20190625_20191014_MF500,JTBL_A_MF500,ERR4018717,ERR4018471,ERR4018711,ERR4018473,ERR4018705,ERR4018472
ARMS_Vigo_TorallaA_20190625_20191014,Spain,Vigo,TorallaA,42.233333,-8.783333,12,2019-06-25,2019-10-14,Sessile,DMSO,40,ARMS_Vigo_TorallaA_20190625_20191014_SF40,JTBL_A-SF40,ERR7127691,ERR7125534,ERR7127692,ERR7125535,ERR7127690,ERR7125533
ARMS_Vigo_TorallaB_20190625_20191014,Spain,Vigo,TorallaB,42.233333,-8.783333,12,2019-06-25,2019-10-14,Motile,DMSO,100,ARMS_Vigo_TorallaB_20190625_20191014_MF100,JTBL_B_MF100,ERR4018718,ERR4018471,ERR4018712,ERR4018473,ERR4018706,ERR4018472
ARMS_Vigo_TorallaB_20190625_20191014,Spain,Vigo,TorallaB,42.233333,-8.783333,12,2019-06-25,2019-10-14,Motile,DMSO,500,ARMS_Vigo_TorallaB_20190625_20191014_MF500,JTBL_B_MF500,ERR4018719,ERR4018471,ERR4018713,ERR4018473,ERR4018707,ERR4018472
ARMS_Vigo_TorallaB_20190625_20191014,Spain,Vigo,TorallaB,42.233333,-8.783333,12,2019-06-25,2019-10-14,Sessile,DMSO,40,ARMS_Vigo_TorallaB_20190625_20191014_SF40,JTBL_B-SF40,ERR7127714,ERR7125582,no longer provided,no longer provided,ERR7127703,ERR7125581
ARMS_Vigo_TorallaC_20190625_20191014,Spain,Vigo,TorallaC,42.233333,-8.783333,12,2019-06-25,2019-10-14,Motile,DMSO,100,ARMS_Vigo_TorallaC_20190625_20191014_MF100,JTBL_C_MF100,ERR4018720,ERR4018471,ERR4018714,ERR4018473,ERR4018708,ERR4018472
ARMS_Vigo_TorallaC_20190625_20191014,Spain,Vigo,TorallaC,42.233333,-8.783333,12,2019-06-25,2019-10-14,Motile,DMSO,500,ARMS_Vigo_TorallaC_20190625_20191014_MF500,JTBL_C_MF500,ERR4018721,ERR4018471,ERR4018715,ERR4018473,ERR4018709,ERR4018472
ARMS_Vigo_TorallaC_20190625_20191014,Spain,Vigo,TorallaC,42.233333,-8.783333,12,2019-06-25,2019-10-14,Sessile,DMSO,40,ARMS_Vigo_TorallaC_20190625_20191014_SF40,JTBL_C-SF40,ERR9632095,ERR9632065,no longer provided,no longer provided,ERR9632080,ERR9632062
