Sample_ID,Country,Observatory_ID,ARMS_ID,Deploy_Date,Collect_Date,gene_COI,gene_18S,gene_ITS,negativeControl_gene_COI,negativeControl_gene_18S,negativeControl_gene_ITS,AccessRights,latitude,longitude,depth,Fraction,Preservative,Filter
ARMS_BelgianCoast_AZBE1_190924_200303_MF100_DMSO,Belgium,BelgiumCoast,AZBE1,2019-09-24,2020-03-03,ERR7125498,ERR7125496,no longer provided,ERR7125582,ERR7125581,no longer provided,CC BY,51.364298,3.20701,7,Motile,DMSO,100
ARMS_BelgianCoast_AZBE1_190924_200303_MF500_DMSO,Belgium,BelgiumCoast,AZBE1,2019-09-24,2020-03-03,ERR4914228,ERR4914227,ERR4914229,ERR4914160,ERR4914102,ERR4914218,CC BY,51.364298,3.20701,7,Motile,DMSO,500
ARMS_BelgianCoast_AZBE1_190924_200303_SF40_DMSO,Belgium,BelgiumCoast,AZBE1,2019-09-24,2020-03-03,ERR7125478,ERR7125477,ERR7125479,ERR7125534,ERR7125533,ERR7125535,CC BY,51.364298,3.20701,7,Sessile,DMSO,40
ARMS_BelgianCoast_AZFPin_180712_180818_MF200_EtOH,Belgium,BelgiumCoast,AZFPin,2018-07-12,2018-08-18,ERR7125497,ERR7125495,no longer provided,ERR7125582,ERR7125581,no longer provided,CC BY,51.66522,2.82558,37,Motile,EtOH,200
ARMS_BelgianCoast_AZFPin_180712_180818_MF500_EtOH,Belgium,BelgiumCoast,AZFPin,2018-07-12,2018-08-18,ERR4018736,ERR4605228,ERR4018735,ERR4018737,ERR4605902,ERR4018475,CC BY,51.66522,2.82558,37,Motile,EtOH,500
ARMS_BelgiumCoast_AJJC81_200506_201012_MF100_DMSO,Belgium,BelgiumCoast,AJJC81,2020-05-06,2020-10-12,ERR7125481,ERR7125480,ERR7125482,ERR7125534,ERR7125533,ERR7125535,CC BY,51.6533567,2.79178508,38,Motile,DMSO,100
ARMS_BelgiumCoast_AJJC81_200506_201012_MF500_DMSO,Belgium,BelgiumCoast,AJJC81,2020-05-06,2020-10-12,ERR7125484,ERR7125483,ERR7125485,ERR7125534,ERR7125533,ERR7125535,CC BY,51.6533567,2.79178508,38,Motile,DMSO,500
ARMS_BelgiumCoast_AJJC86_200506_201012_MF100_DMSO,Belgium,BelgiumCoast,AJJC86,2020-05-06,2020-10-12,ERR7125487,ERR7125486,ERR7125488,ERR7125534,ERR7125533,ERR7125535,CC BY,51.65264,2.79369998,37,Motile,DMSO,100
ARMS_BelgiumCoast_AJJC86_200506_201012_MF500_DMSO,Belgium,BelgiumCoast,AJJC86,2020-05-06,2020-10-12,ERR7125490,ERR7125489,ERR7125491,ERR7125534,ERR7125533,ERR7125535,CC BY,51.65264,2.79369998,37,Motile,DMSO,500
ARMS_BelgiumCoast_AJJCD78_200506_201012_MF100_DMSO,Belgium,BelgiumCoast,AJJCD78,2020-05-06,2020-10-12,ERR7125493,ERR7125492,ERR7125494,ERR7125534,ERR7125533,ERR7125535,CC BY,51.65374944,2.79602577,38,Motile,DMSO,100
ARMS_Bodo_GStraB_190621_201207_MF100_DMSO,Norway,Bodo,GStraB,2019-06-21,2020-12-07,ERR9632090,ERR9632075,no longer provided,ERR9632065,ERR9632062,no longer provided,CC BY,67.24035,14.711733,2,Motile,DMSO,100
ARMS_Bodo_GStraB_190621_201207_MF500_DMSO,Norway,Bodo,GStraB,2019-06-21,2020-12-07,ERR9632091,ERR9632076,no longer provided,ERR9632065,ERR9632062,no longer provided,CC BY,67.24035,14.711733,2,Motile,DMSO,500
ARMS_Bodo_GStraB_190621_201207_SF50_DMSO,Norway,Bodo,GStraB,2019-06-21,2020-12-07,ERR9632089,ERR9632074,no longer provided,ERR9632065,ERR9632062,no longer provided,CC BY,67.24035,14.711733,2,Sessile,DMSO,50
ARMS_Bodo_GStraM_190621_201207_MF100_DMSO,Norway,Bodo,GStraM,2019-06-21,2020-12-07,ERR9632093,ERR9632078,no longer provided,ERR9632065,ERR9632062,no longer provided,CC BY,67.240217,14.711533,2,Motile,DMSO,100
ARMS_Bodo_GStraM_190621_201207_MF500_DMSO,Norway,Bodo,GStraM,2019-06-21,2020-12-07,ERR9632094,ERR9632079,no longer provided,ERR9632065,ERR9632062,no longer provided,CC BY,67.240217,14.711533,2,Motile,DMSO,500
ARMS_Bodo_GStraM_190621_201207_SF50_DMSO,Norway,Bodo,GStraM,2019-06-21,2020-12-07,ERR9632092,ERR9632077,no longer provided,ERR9632065,ERR9632062,no longer provided,CC BY,67.240217,14.711533,2,Sessile,DMSO,50
ARMS_Crete_1HERP_180928_190128_MF125_DMSO,Greece,Crete,1HERP,2018-09-28,2019-01-28,ERR9632063,ERR9632060,no longer provided,ERR9632065,ERR9632062,no longer provided,CC BY,35.343153,25.136605,4,Motile,DMSO,125
ARMS_Crete_1HERP_180928_190128_MF125_EtOH,Greece,Crete,1HERP,2018-09-28,2019-01-28,ERR9632064,ERR9632061,no longer provided,ERR9632065,ERR9632062,no longer provided,CC BY,35.343153,25.136605,4,Motile,EtOH,125
ARMS_Crete_1HERP_180928_190128_MF500_DMSO,Greece,Crete,1HERP,2018-09-28,2019-01-28,ERR3460468,ERR4605086,ERR4018431,ERR3460471,ERR4605902,ERR4018475,CC BY,35.343153,25.136605,4,Motile,DMSO,500
ARMS_Crete_1HERP_180928_190128_MF500_EtOH,Greece,Crete,1HERP,2018-09-28,2019-01-28,ERR3460469,ERR4605087,ERR4018432,ERR3460471,ERR4605902,ERR4018475,CC BY,35.343153,25.136605,4,Motile,EtOH,500
ARMS_Crete_1HERP_180928_190128_PS250_EtOH,Greece,Crete,1HERP,2018-09-28,2019-01-28,failed,ERR4605089,ERR4018434,failed,ERR4605902,ERR4018475,CC BY,35.343153,25.136605,4,Plankton,EtOH,250
ARMS_Crete_1HERP_180928_190128_SED_Frozen,Greece,Crete,1HERP,2018-09-28,2019-01-28,ERR3460470,ERR4605088,ERR4018433,ERR3460471,ERR4605902,ERR4018475,CC BY,35.343153,25.136605,4,Sediment,Frozen,none
ARMS_Crete_1HERP_180928_190128_SF_DMSO,Greece,Crete,1HERP,2018-09-28,2019-01-28,ERR3460466,ERR4605084,ERR4018429,ERR3460471,ERR4605902,ERR4018475,CC BY,35.343153,25.136605,4,Sessile,DMSO,none
ARMS_Crete_1HERP_180928_190128_SF_EtOH,Greece,Crete,1HERP,2018-09-28,2019-01-28,ERR3460467,ERR4605085,ERR4018430,ERR3460471,ERR4605902,ERR4018475,CC BY,35.343153,25.136605,4,Sessile,EtOH,none
ARMS_Crete_1HERP_190612_191011_MF500_Frozen,Greece,Crete,1HERP,2019-06-12,2019-10-11,ERR7125537,ERR7125536,ERR7125538,ERR7125534,ERR7125533,ERR7125535,CC BY,35.343153,25.136605,4,Motile,Frozen,500
ARMS_Crete_1HERP_190612_191011_MF90_Frozen,Greece,Crete,1HERP,2019-06-12,2019-10-11,ERR7125540,ERR7125539,ERR7125541,ERR7125534,ERR7125533,ERR7125535,CC BY,35.343153,25.136605,4,Motile,Frozen,90
ARMS_Crete_1HERP_190612_191011_SF_Frozen,Greece,Crete,1HERP,2019-06-12,2019-10-11,ERR7125543,ERR7125542,ERR7125544,ERR7125534,ERR7125533,ERR7125535,CC BY,35.343153,25.136605,4,Sessile,Frozen,none
ARMS_Crete_1HERP_190612_200210_MF500_Frozen,Greece,Crete,1HERP,2019-06-12,2020-02-10,ERR7125546,ERR7125545,ERR7125547,ERR7125534,ERR7125533,ERR7125535,CC BY,35.343153,25.136605,4,Motile,Frozen,500
ARMS_Crete_1HERP_190612_200210_MF90_Frozen,Greece,Crete,1HERP,2019-06-12,2020-02-10,ERR7125549,ERR7125548,ERR7125550,ERR7125534,ERR7125533,ERR7125535,CC BY,35.343153,25.136605,4,Motile,Frozen,90
ARMS_Crete_1HERP_190612_200210_SF_Frozen,Greece,Crete,1HERP,2019-06-12,2020-02-10,ERR7125552,ERR7125551,ERR7125553,ERR7125534,ERR7125533,ERR7125535,CC BY,35.343153,25.136605,4,Sessile,Frozen,none
ARMS_Crete_1HERP_190612_200618_MF500_Frozen,Greece,Crete,1HERP,2019-06-12,2020-06-18,ERR7125555,ERR7125554,ERR7125556,ERR7125534,ERR7125533,ERR7125535,CC BY,35.343153,25.136605,4,Motile,Frozen,500
ARMS_Crete_1HERP_190612_200618_MF90_Frozen,Greece,Crete,1HERP,2019-06-12,2020-06-18,ERR7125558,ERR7125557,ERR7125559,ERR7125534,ERR7125533,ERR7125535,CC BY,35.343153,25.136605,4,Motile,Frozen,90
ARMS_Crete_1HERP_190612_200618_SF_Frozen,Greece,Crete,1HERP,2019-06-12,2020-06-18,ERR7125561,ERR7125560,ERR7125562,ERR7125534,ERR7125533,ERR7125535,CC BY,35.343153,25.136605,4,Sessile,Frozen,none
ARMS_Crete_1HERP_200903_210122_MF500_Frozen,Greece,Crete,1HERP,2020-09-03,2021-01-22,ERR7125564,ERR7125563,ERR7125565,ERR7125534,ERR7125533,ERR7125535,CC BY,35.343153,25.136605,4,Motile,Frozen,500
ARMS_Crete_1HERP_200903_210122_MF90_Frozen,Greece,Crete,1HERP,2020-09-03,2021-01-22,ERR7125567,ERR7125566,ERR7125568,ERR7125534,ERR7125533,ERR7125535,CC BY,35.343153,25.136605,4,Motile,Frozen,90
ARMS_Crete_1HERP_200903_210122_SF_Frozen,Greece,Crete,1HERP,2020-09-03,2021-01-22,ERR7125570,ERR7125569,ERR7125571,ERR7125534,ERR7125533,ERR7125535,CC BY,35.343153,25.136605,4,Sessile,Frozen,none
ARMS_Crete_2UBPC_190924_201211_MF500_Frozen,Greece,Crete,2UBPC,2019-09-24,2020-12-11,ERR7125573,ERR7125572,ERR7125574,ERR7125534,ERR7125533,ERR7125535,CC BY,35.34662,25.27876,21,Motile,Frozen,500
ARMS_Crete_2UBPC_190924_201211_MF90_Frozen,Greece,Crete,2UBPC,2019-09-24,2020-12-11,ERR7125576,ERR7125575,ERR7125577,ERR7125534,ERR7125533,ERR7125535,CC BY,35.34662,25.27876,21,Motile,Frozen,90
ARMS_Crete_2UBPC_190924_201211_SF_Frozen,Greece,Crete,2UBPC,2019-09-24,2020-12-11,ERR7125579,ERR7125578,ERR7125580,ERR7125534,ERR7125533,ERR7125535,CC BY,35.34662,25.27876,21,Sessile,Frozen,none
ARMS_Eilat_Katza1_181024_200607_MF100_DMSO,Israel,Eilat,Katza1 ,2018-10-24,2020-06-07,ERR7127623,ERR7127611,no longer provided,ERR7125582,ERR7125581,no longer provided,CC BY,29.52,34.934444,10,Motile,DMSO,100
ARMS_Eilat_Katza1_181024_200607_MF500_DMSO,Israel,Eilat,Katza1 ,2018-10-24,2020-06-07,ERR7127624,ERR7127612,no longer provided,ERR7125582,ERR7125581,no longer provided,CC BY,29.52,34.934444,10,Motile,DMSO,500
ARMS_Eilat_Katza1_181024_200607_SF45_DMSO,Israel,Eilat,Katza1 ,2018-10-24,2020-06-07,ERR7127625,ERR7127613,no longer provided,ERR7125582,ERR7125581,no longer provided,CC BY,29.52,34.934444,10,Sessile,DMSO,45
ARMS_Eilat_Katza2_181024_200803_MF100_DMSO,Israel,Eilat,Katza2 ,2018-10-24,2020-08-03,ERR7127626,ERR7127614,no longer provided,ERR7125582,ERR7125581,no longer provided,CC BY,29.52,34.934444,10,Motile,DMSO,100
ARMS_Eilat_Katza2_181024_200803_MF500_DMSO,Israel,Eilat,Katza2 ,2018-10-24,2020-08-03,ERR7127627,ERR7127615,no longer provided,ERR7125582,ERR7125581,no longer provided,CC BY,29.52,34.934444,10,Motile,DMSO,500
ARMS_Eilat_Katza2_181024_200803_SF45_DMSO,Israel,Eilat,Katza2 ,2018-10-24,2020-08-03,ERR7127628,ERR7127616,no longer provided,ERR7125582,ERR7125581,no longer provided,CC BY,29.52,34.934444,10,Sessile,DMSO,45
ARMS_Eilat_NR1_181017_200204_MF100_DMSO,Israel,Eilat,NR1 ,2018-10-17,2020-04-02,ERR7127629,ERR7127617,no longer provided,ERR7125582,ERR7125581,no longer provided,CC BY,29.50555,34.920278,10,Motile,DMSO,100
ARMS_Eilat_NR1_181017_200204_MF500_DMSO,Israel,Eilat,NR1 ,2018-10-17,2020-04-02,ERR7127630,ERR7127618,no longer provided,ERR7125582,ERR7125581,no longer provided,CC BY,29.50555,34.920278,10,Motile,DMSO,500
ARMS_Eilat_NR1_181017_200204_SF45_DMSO,Israel,Eilat,NR1 ,2018-10-17,2020-04-02,ERR7127631,ERR7127619,no longer provided,ERR7125582,ERR7125581,no longer provided,CC BY,29.50555,34.920278,10,Sessile,DMSO,45
ARMS_Eilat_NR2_181017_200524_MF100_DMSO,Israel,Eilat,NR2 ,2018-10-17,2020-05-24,ERR7127632,ERR7127620,no longer provided,ERR7125582,ERR7125581,no longer provided,CC BY,29.50555,34.920278,10,Motile,DMSO,100
ARMS_Eilat_NR2_181017_200524_MF500_DMSO,Israel,Eilat,NR2 ,2018-10-17,2020-05-24,ERR7127633,ERR7127621,no longer provided,ERR7125582,ERR7125581,no longer provided,CC BY,29.50555,34.920278,10,Motile,DMSO,500
ARMS_Eilat_NR2_181017_200524_SF45_DMSO,Israel,Eilat,NR2 ,2018-10-17,2020-05-24,ERR7127634,ERR7127622,no longer provided,ERR7125582,ERR7125581,no longer provided,CC BY,29.50555,34.920278,10,Sessile,DMSO,45
ARMS_Gdynia_GDY1_180813_191029_MF100_DMSO-EDTA,Poland,Gdynia,GDY1,2018-08-13,2019-10-29,ERR4018726,ERR4018722,ERR4018724,ERR4018471,ERR4018472,ERR4018473,CC BY,54.48522,18.57111,4,Motile,DMSO-EDTA,100
ARMS_Gdynia_GDY1_180813_191029_MF500_DMSO-EDTA,Poland,Gdynia,GDY1,2018-08-13,2019-10-29,ERR4018727,ERR4018723,ERR4018725,ERR4018471,ERR4018472,ERR4018473,CC BY,54.48522,18.57111,4,Motile,DMSO-EDTA,500
ARMS_Gdynia_GDY1_180813_191029_SF38_DMSO-EDTA,Poland,Gdynia,GDY1,2018-08-13,2019-10-29,failed,failed,failed,ERR7125534,ERR7125533,ERR7125535,CC BY,54.48522,18.57111,4,Sessile,DMSO-EDTA,38
ARMS_Gdynia_GDY1_190619_191029_MF100_DMSO-EDTA,Poland,Gdynia,GDY1,2019-06-19,2019-10-29,ERR9632087,ERR9632072,no longer provided,ERR9632065,ERR9632062,no longer provided,CC BY,54.48522,18.57111,4,Motile,DMSO-EDTA,100
ARMS_Gdynia_GDY1_190619_191029_MF500_DMSO-EDTA,Poland,Gdynia,GDY1,2019-06-19,2019-10-29,ERR7125527,ERR7125526,ERR7125528,ERR7125534,ERR7125533,ERR7125535,CC BY,54.48522,18.57111,4,Motile,DMSO-EDTA,500
ARMS_Gdynia_GDY1_190619_191029_SF38_DMSO-EDTA,Poland,Gdynia,GDY1,2019-06-19,2019-10-29,ERR9632088,ERR9632073,no longer provided,ERR9632065,ERR9632062,no longer provided,CC BY,54.48522,18.57111,4,Sessile,DMSO-EDTA,38
ARMS_Getxo_G1_190624_191016_MF100_DMSO,Spain,Getxo,G1,2019-06-24,2019-10-16,ERR7127704,ERR7127693,no longer provided,ERR7125582,ERR7125581,no longer provided,CC BY,43.338452,-3.014833,5,Motile,DMSO,100
ARMS_Getxo_G1_190624_191016_MF500_DMSO,Spain,Getxo,G1,2019-06-24,2019-10-16,ERR7127705,ERR7127694,no longer provided,ERR7125582,ERR7125581,no longer provided,CC BY,43.338452,-3.014833,5,Motile,DMSO,500
ARMS_Getxo_G1_190624_191016_SF40_DMSO,Spain,Getxo,G1,2019-06-24,2019-10-16,ERR7127706,ERR7127695,no longer provided,ERR7125582,ERR7125581,no longer provided,CC BY,43.338452,-3.014833,5,Sessile,DMSO,40
ARMS_Getxo_G1_200624_201103_MF100_DMSO,Spain,Getxo,G1,2020-06-24,2020-11-03,ERR7127667,ERR7127666,ERR7127668,ERR7125534,ERR7125533,ERR7125535,CC BY,43.338452,-3.014833,5,Motile,DMSO,100
ARMS_Getxo_G1_200624_201103_MF500_DMSO,Spain,Getxo,G1,2020-06-24,2020-11-03,ERR7127670,ERR7127669,ERR7127671,ERR7125534,ERR7125533,ERR7125535,CC BY,43.338452,-3.014833,5,Motile,DMSO,500
ARMS_Getxo_G1_200624_201103_SF40_DMSO,Spain,Getxo,G1,2020-06-24,2020-11-03,ERR7127673,ERR7127672,ERR7127674,ERR7125534,ERR7125533,ERR7125535,CC BY,43.338452,-3.014833,5,Sessile,DMSO,40
ARMS_Getxo_G2_190624_191016_MF100_DMSO,Spain,Getxo,G2,2019-06-24,2019-10-16,ERR7127676,ERR7127675,ERR7127677,ERR7125534,ERR7125533,ERR7125535,CC BY,43.3385,-3.01491,5,Motile,DMSO,100
ARMS_Getxo_G2_190624_191016_MF500_DMSO,Spain,Getxo,G2,2019-06-24,2019-10-16,ERR7127707,ERR7127696,no longer provided,ERR7125582,ERR7125581,no longer provided,CC BY,43.3385,-3.01491,5,Motile,DMSO,500
ARMS_Getxo_G2_190624_191016_SF40_DMSO,Spain,Getxo,G2,2019-06-24,2019-10-16,ERR7127708,ERR7127697,no longer provided,ERR7125582,ERR7125581,no longer provided,CC BY,43.3385,-3.01491,5,Sessile,DMSO,40
ARMS_Getxo_G2_200624_201103_MF100_DMSO,Spain,Getxo,G2,2020-06-24,2020-11-03,ERR7127679,ERR7127678,ERR7127680,ERR7125534,ERR7125533,ERR7125535,CC BY,43.3385,-3.01491,5,Motile,DMSO,100
ARMS_Getxo_G2_200624_201103_SF40_DMSO,Spain,Getxo,G2,2020-06-24,2020-11-03,ERR7127682,ERR7127681,ERR7127683,ERR7125534,ERR7125533,ERR7125535,CC BY,43.3385,-3.01491,5,Sessile,DMSO,40
ARMS_Getxo_G3_190624_191016_MF100_DMSO,Spain,Getxo,G3,2019-06-24,2019-10-16,ERR7127709,ERR7127698,no longer provided,ERR7125582,ERR7125581,no longer provided,CC BY,43.33843,-3.01483,5,Motile,DMSO,100
ARMS_Getxo_G3_190624_191016_MF500_DMSO,Spain,Getxo,G3,2019-06-24,2019-10-16,ERR7127710,ERR7127699,no longer provided,ERR7125582,ERR7125581,no longer provided,CC BY,43.33843,-3.01483,5,Motile,DMSO,500
ARMS_Getxo_G3_190624_191016_SF40_DMSO,spain,Getxo,G3,2019-06-24,2019-10-16,ERR7127711,ERR7127700,no longer provided,ERR7125582,ERR7125581,no longer provided,CC BY,43.33843,-3.01483,5,Sessile,DMSO,40
ARMS_Getxo_G3_200624_201103_MF100_DMSO,Spain,Getxo,G3,2020-06-24,2020-11-03,ERR7127685,ERR7127684,ERR7127686,ERR7125534,ERR7125533,ERR7125535,CC BY,43.33843,-3.01483,5,Motile,DMSO,100
ARMS_Getxo_G3_200624_201103_SF40_DMSO,Spain,Getxo,G3,2020-06-24,2020-11-03,ERR7127688,ERR7127687,ERR7127689,ERR7125534,ERR7125533,ERR7125535,CC BY,43.33843,-3.01483,5,Sessile,DMSO,40
ARMS_Koster_VH1_180418_190527_MF100_DMSO,Sweden,Koster,VH1,2018-04-18,2019-05-27,ERR4018467,ERR4018457,ERR4018462,ERR4018471,ERR4018472,ERR4018473,CC BY,58.875155,11.103194,24,Motile,DMSO,100
ARMS_Koster_VH1_180418_190527_MF500_DMSO,Sweden,Koster,VH1,2018-04-18,2019-05-27,ERR4018466,ERR4018456,ERR4018461,ERR4018471,ERR4018472,ERR4018473,CC BY,58.875155,11.103194,24,Motile,DMSO,500
ARMS_Koster_VH1_180418_190527_SF40_DMSO,Sweden,Koster,VH1,2018-04-18,2019-05-27,ERR4018468,ERR4018458,ERR4018463,ERR4018471,ERR4018472,ERR4018473,CC BY,58.875155,11.103194,24,Sessile,DMSO,40
ARMS_Koster_VH1_190527_200716_MF100_DMSO,Sweden,Koster,VH1,2019-05-27,2020-07-16,ERR4914103,ERR4914045,ERR4914161,ERR4914160,ERR4914102,ERR4914218,CC BY,58.875155,11.103194,24,Motile,DMSO,100
ARMS_Koster_VH1_190527_200716_MF500_DMSO,Sweden,Koster,VH1,2019-05-27,2020-07-16,ERR4914104,ERR4914046,ERR4914162,ERR4914160,ERR4914102,ERR4914218,CC BY,58.875155,11.103194,24,Motile,DMSO,500
ARMS_Koster_VH1_190527_200716_SF40_DMSO,Sweden,Koster,VH1,2019-05-27,2020-07-16,ERR4914105,ERR4914047,ERR4914163,ERR4914160,ERR4914102,ERR4914218,CC BY,58.875155,11.103194,24,Sessile,DMSO,40
ARMS_Koster_VH2_180418_180906_MF100_EtOH,Sweden,Koster,VH2,2018-04-18,2018-09-06,ERR4018452,ERR4605233,ERR4018445,ERR3460471,ERR4605902,ERR4018475,CC BY,58.87633,11.111884,22,Motile,EtOH,100
ARMS_Koster_VH2_180418_180906_MF500_EtOH,Sweden,Koster,VH2,2018-04-18,2018-09-06,ERR4018453,ERR4605234,ERR4018446,ERR3460471,ERR4605902,ERR4018475,CC BY,58.87633,11.111884,22,Motile,EtOH,500
ARMS_Koster_VH2_180418_180906_PS90_EtOH,Sweden,Koster,VH2,2018-04-18,2018-09-06,failed,ERR4605237,ERR4018449,failed,ERR4605902,ERR4018475,CC BY,58.87633,11.111884,22,Plankton,EtOH,90
ARMS_Koster_VH2_180418_180906_SED100_DMSO,Sweden,Koster,VH2,2018-04-18,2018-09-06,ERR4018454,ERR4605235,ERR4018447,ERR3460471,ERR4605902,ERR4018475,CC BY,58.87633,11.111884,22,Sediment,DMSO,100
ARMS_Koster_VH2_180418_180906_SED500_DMSO,Sweden,Koster,VH2,2018-04-18,2018-09-06,ERR4018455,ERR4605236,ERR4018448,ERR3460471,ERR4605902,ERR4018475,CC BY,58.87633,11.111884,22,Sediment,DMSO,500
ARMS_Koster_VH2_180418_180906_SF40_DMSO,Sweden,Koster,VH2,2018-04-18,2018-09-06,ERR4018451,ERR4605232,ERR4018444,ERR3460471,ERR4605902,ERR4018475,CC BY,58.87633,11.111884,22,Sessile,DMSO,40
ARMS_Koster_VH2_180418_180906_SF40_EtOH,Sweden,Koster,VH2,2018-04-18,2018-09-06,ERR4018450,ERR4605231,ERR4018443,ERR3460471,ERR4605902,ERR4018475,CC BY,58.87633,11.111884,22,Sessile,EtOH,40
ARMS_Koster_VH2_190527_200716_MF100_DMSO,Sweden,Koster,VH2,2019-05-27,2020-07-16,ERR4914109,ERR4914051,ERR4914167,ERR4914160,ERR4914102,ERR4914218,CC BY,58.87633,11.111884,22,Motile,DMSO,100
ARMS_Koster_VH2_190527_200716_MF500_DMSO,Sweden,Koster,VH2,2019-05-27,2020-07-16,ERR4914110,ERR4914052,ERR4914168,ERR4914160,ERR4914102,ERR4914218,CC BY,58.87633,11.111884,22,Motile,DMSO,500
ARMS_Koster_VH2_190527_200716_SF40_DMSO,Sweden,Koster,VH2,2019-05-27,2020-07-16,ERR4914111,ERR4914053,ERR4914169,ERR4914160,ERR4914102,ERR4914218,CC BY,58.87633,11.111884,22,Sessile,DMSO,40
ARMS_Koster_VH3_180418_190527_MF100_DMSO,Sweden,Koster,VH3,2018-04-18,2019-05-27,ERR4018470,ERR4018460,ERR4018465,ERR4018471,ERR4018472,ERR4018473,CC BY,58.859877,11.080491,25,Motile,DMSO,100
ARMS_Koster_VH3_180418_190527_MF500_DMSO,Sweden,Koster,VH3,2018-04-18,2019-05-27,ERR4018469,ERR4018459,ERR4018464,ERR4018471,ERR4018472,ERR4018473,CC BY,58.859877,11.080491,25,Motile,DMSO,500
ARMS_Koster_VH3_180418_190527_SF40_DMSO,Sweden,Koster,VH3,2018-04-18,2019-05-27,ERR7127610,ERR7127609,no longer provided,ERR7125582,ERR7125581,no longer provided,CC BY,58.859877,11.080491,25,Sessile,DMSO,40
ARMS_Koster_VH3_190527_200716_MF100_DMSO,Sweden,Koster,VH3,2019-05-27,2020-07-16,ERR4914106,ERR4914048,ERR4914164,ERR4914160,ERR4914102,ERR4914218,CC BY,58.859877,11.080491,25,Motile,DMSO,100
ARMS_Koster_VH3_190527_200716_MF500_DMSO,Sweden,Koster,VH3,2019-05-27,2020-07-16,ERR4914107,ERR4914049,ERR4914165,ERR4914160,ERR4914102,ERR4914218,CC BY,58.859877,11.080491,25,Motile,DMSO,500
ARMS_Koster_VH3_190527_200716_SF40_DMSO,Sweden,Koster,VH3,2019-05-27,2020-07-16,ERR4914108,ERR4914050,ERR4914166,ERR4914160,ERR4914102,ERR4914218,CC BY,58.859877,11.080491,25,Sessile,DMSO,40
ARMS_Limfjord_Green33_190618_191029_MF100_DMSO,Denmark,Limfjord,Green33,2019-06-18,2019-10-29,ERR4018499,ERR4018481,ERR4018490,ERR4018471,ERR4018472,ERR4018473,CC BY,56.901246,9.058189,4,Motile,DMSO,100
ARMS_Limfjord_Green33_190618_191029_MF500_DMSO,Denmark,Limfjord,Green33,2019-06-18,2019-10-29,ERR4018497,ERR4018479,ERR4018488,ERR4018471,ERR4018472,ERR4018473,CC BY,56.901246,9.058189,4,Motile,DMSO,500
ARMS_Limfjord_Green33_190618_191029_SF40_DMSO,Denmark,Limfjord,Green33,2019-06-18,2019-10-29,ERR4018498,ERR4018480,ERR4018489,ERR4018471,ERR4018472,ERR4018473,CC BY,56.901246,9.058189,4,Sessile,DMSO,40
ARMS_Limfjord_Red2_190618_191029_MF100_DMSO,Denmark,Limfjord,Red2,2019-06-18,2019-10-29,ERR4018502,ERR4018484,ERR4018493,ERR4018471,ERR4018472,ERR4018473,CC BY,56.89985,9.05663333,4,Motile,DMSO,100
ARMS_Limfjord_Red2_190618_191029_MF500_DMSO,Denmark,Limfjord,Red2,2019-06-18,2019-10-29,ERR4018500,ERR4018482,ERR4018491,ERR4018471,ERR4018472,ERR4018473,CC BY,56.89985,9.05663333,4,Motile,DMSO,500
ARMS_Limfjord_Red2_190618_191029_SF40_DMSO,Denmark,Limfjord,Red2,2019-06-18,2019-10-29,ERR4018501,ERR4018483,ERR4018492,ERR4018471,ERR4018472,ERR4018473,CC BY,56.89985,9.05663333,4,Sessile,DMSO,40
ARMS_Limfjord_Yellow8_190618_191029_MF100_DMSO,Denmark,Limfjord,Yellow8,2019-06-18,2019-10-29,ERR4018496,ERR4018478,ERR4018487,ERR4018471,ERR4018472,ERR4018473,CC BY,56.902366,9.055797,4,Motile,DMSO,100
ARMS_Limfjord_Yellow8_190618_191029_MF500_DMSO,Denmark,Limfjord,Yellow8,2019-06-18,2019-10-29,ERR4018494,ERR4018476,ERR4018485,ERR4018471,ERR4018472,ERR4018473,CC BY,56.902366,9.055797,4,Motile,DMSO,500
ARMS_Limfjord_Yellow8_190618_191029_SF40_DMSO,Denmark,Limfjord,Yellow8,2019-06-18,2019-10-29,ERR4018495,ERR4018477,ERR4018486,ERR4018471,ERR4018472,ERR4018473,CC BY,56.902366,9.055797,4,Sessile,DMSO,40
ARMS_Plymouth_MBA1_180701_181001_MF100_DMSO,UK,Plymouth,MBA1,2018-07-01,2018-10-01,ERR7125591,ERR7125583,no longer provided,ERR7125582,ERR7125581,no longer provided,CC BY,50.3674,-4.1552,1,Motile,DMSO,100
ARMS_Plymouth_MBA1_180701_181001_MF100_EtOH,UK,Plymouth,MBA1,2018-07-01,2018-10-01,ERR7125592,ERR7125584,no longer provided,ERR7125582,ERR7125581,no longer provided,CC BY,50.3674,-4.1552,1,Motile,EtOH,100
ARMS_Plymouth_MBA1_180701_181001_MF500_DMSO,UK,Plymouth,MBA1,2018-07-01,2018-10-01,ERR7125593,ERR7125585,no longer provided,ERR7125582,ERR7125581,no longer provided,CC BY,50.3674,-4.1552,1,Motile,DMSO,500
ARMS_Plymouth_MBA1_180701_181001_MF500_EtOH,UK,Plymouth,MBA1,2018-07-01,2018-10-01,ERR7125594,ERR7125586,no longer provided,ERR7125582,ERR7125581,no longer provided,CC BY,50.3674,-4.1552,1,Motile,EtOH,500
ARMS_Plymouth_MBA1_180701_181001_SF40_DMSO,UK,Plymouth,MBA1,2018-07-01,2018-10-01,ERR7125595,ERR7125587,no longer provided,ERR7125582,ERR7125581,no longer provided,CC BY,50.3674,-4.1552,1,Sessile,DMSO,40
ARMS_Plymouth_MBA1_180701_181001_SF40_EtOH,UK,Plymouth,MBA1,2018-07-01,2018-10-01,ERR7125596,ERR7125588,no longer provided,ERR7125582,ERR7125581,no longer provided,CC BY,50.3674,-4.1552,1,Sessile,EtOH,40
ARMS_Plymouth_MBA1A_190716_190916_MF100_DMSO,UK,Plymouth,MBA1A,2019-07-16,2019-09-16,ERR4018670,ERR4018652,ERR4018661,ERR4018471,ERR4018472,ERR4018473,CC BY,50.3673,-4.1554,2,Motile,DMSO,100
ARMS_Plymouth_MBA1A_190716_190916_MF500_DMSO,UK,Plymouth,MBA1A,2019-07-16,2019-09-16,ERR4018669,ERR4018651,ERR4018660,ERR4018471,ERR4018472,ERR4018473,CC BY,50.3673,-4.1554,2,Motile,DMSO,500
ARMS_Plymouth_MBA1A_190716_190916_SF40_DMSO,UK,Plymouth,MBA1A,2019-07-16,2019-09-16,ERR4018671,ERR4018653,ERR4018662,ERR4018471,ERR4018472,ERR4018473,CC BY,50.3673,-4.1554,2,Sessile,DMSO,40
ARMS_Plymouth_MBA1B_190716_190918_MF100_DMSO,UK,Plymouth,MBA1B,2019-07-16,2019-09-18,ERR4018673,ERR4018655,ERR4018664,ERR4018471,ERR4018472,ERR4018473,CC BY,50.3668,-4.1561,2,Motile,DMSO,100
ARMS_Plymouth_MBA1B_190716_190918_MF500_DMSO,UK,Plymouth,MBA1B,2019-07-16,2019-09-18,ERR4018672,ERR4018654,ERR4018663,ERR4018471,ERR4018472,ERR4018473,CC BY,50.3668,-4.1561,2,Motile,DMSO,500
ARMS_Plymouth_MBA1B_190716_190918_SF40_DMSO,UK,Plymouth,MBA1B,2019-07-16,2019-09-18,ERR4018674,ERR4018656,ERR4018665,ERR4018471,ERR4018472,ERR4018473,CC BY,50.3668,-4.1561,2,Sessile,DMSO,40
ARMS_Plymouth_MBA1C_190716_190920_MF100_DMSO,UK,Plymouth,MBA1C,2019-07-16,2019-09-20,ERR4018676,ERR4018658,ERR4018667,ERR4018471,ERR4018472,ERR4018473,CC BY,50.3674,-4.1544,2,Motile,DMSO,100
ARMS_Plymouth_MBA1C_190716_190920_MF500_DMSO,UK,Plymouth,MBA1C,2019-07-16,2019-09-20,ERR4018675,ERR4018657,ERR4018666,ERR4018471,ERR4018472,ERR4018473,CC BY,50.3674,-4.1544,2,Motile,DMSO,500
ARMS_Plymouth_MBA1C_190716_190920_SF40_DMSO,UK,Plymouth,MBA1C,2019-07-16,2019-09-20,ERR4018677,ERR4018659,ERR4018668,ERR4018471,ERR4018472,ERR4018473,CC BY,50.3674,-4.1544,2,Sessile,DMSO,40
ARMS_Plymouth_MBA2_180701_181001_MF100_DMSO,UK,Plymouth,MBA2,2018-07-01,2018-10-01,failed,ERR4605220,ERR4018647,failed,ERR4605902,ERR4018475,CC BY,50.350134,-4.159167,10,Motile,DMSO,100
ARMS_Plymouth_MBA2_180701_181001_MF100_EtOH,UK,Plymouth,MBA2,2018-07-01,2018-10-01,failed,ERR4605221,ERR4018648,failed,ERR4605902,ERR4018475,CC BY,50.350134,-4.159167,10,Motile,EtOH,100
ARMS_Plymouth_MBA2_180701_181001_MF500_EtOH,UK,Plymouth,MBA2,2018-07-01,2018-10-01,ERR4018650,ERR4605222,ERR4018649,ERR4018737,ERR4605902,ERR4018475,CC BY,50.350134,-4.159167,10,Motile,EtOH,500
ARMS_Plymouth_MBA2_180701_181001_SF40_DMSO,UK,Plymouth,MBA2,2018-07-01,2018-10-01,ERR7125597,ERR7125589,"N/A (As discussed/decided, ITS sequencing has stopped)",ERR7125582,ERR7125581,"N/A (As discussed/decided, ITS sequencing has stopped)",CC BY,50.350134,-4.159167,10,Sessile,DMSO,40
ARMS_Plymouth_MBA2_180701_181001_SF40_EtOH,UK,Plymouth,MBA2,2018-07-01,2018-10-01,ERR7125598,ERR7125590,"N/A (As discussed/decided, ITS sequencing has stopped)",ERR7125582,ERR7125581,"N/A (As discussed/decided, ITS sequencing has stopped)",CC BY,50.350134,-4.159167,10,Sessile,EtOH,40
ARMS_Roscoff_BasBloS1_180711_181025_MF100_DMSO,France,Roscoff,BasBloS1,2018-07-11,2018-10-25,ERR7125631,ERR7125618,no longer provided,ERR7125582,ERR7125581,no longer provided,CC BY,48.72872,-3.95894,12,Motile,DMSO,100
ARMS_Roscoff_BasBloS1_180711_181025_MF500_DMSO,France,Roscoff,BasBloS1,2018-07-11,2018-10-25,ERR7125632,ERR7125619,no longer provided,ERR7125582,ERR7125581,no longer provided,CC BY,48.72872,-3.95894,12,Motile,DMSO,500
ARMS_Roscoff_BasBloS1_180711_181025_SF40_DMSO,France,Roscoff,BasBloS1,2018-07-11,2018-10-25,ERR4018616,ERR4605227,ERR4018614,ERR3460471,ERR4605902,ERR4018475,CC BY,48.72872,-3.95894,12,Sessile,DMSO,40
ARMS_Roscoff_BasBloS1_180711_181025_SF40_DMSO,France,Roscoff,BasBloS1,2018-07-11,2018-10-25,ERR7125633,ERR7125620,no longer provided,ERR7125582,ERR7125581,no longer provided,CC BY,48.72872,-3.95894,12,Sessile,DMSO,40
ARMS_Roscoff_BasBloS1_180711_181025_SF40_EtOH,France,Roscoff,BasBloS1,2018-07-11,2018-10-25,ERR4018615,ERR4605226,ERR4018613,ERR3460471,ERR4605902,ERR4018475,CC BY,48.72872,-3.95894,12,Sessile,EtOH,40
ARMS_Roscoff_BasBloS1_180711_181025_SF40_EtOH,France,Roscoff,BasBloS1,2018-07-11,2018-10-25,ERR7125634,ERR7125621,no longer provided,ERR7125582,ERR7125581,no longer provided,CC BY,48.72872,-3.95894,12,Sessile,EtOH,40
ARMS_Roscoff_BasBloS1_190612_200527_MF100_DMSO,France,Roscoff,BasBloS1,2019-06-12,2020-05-27,ERR7125635,ERR7125622,no longer provided,ERR7125582,ERR7125581,no longer provided,CC BY,48.72872,-3.95894,12,Motile,DMSO,100
ARMS_Roscoff_BasBloS1_190612_200527_MF500_DMSO,France,Roscoff,BasBloS1,2019-06-12,2020-05-27,ERR7125636,ERR7125623,no longer provided,ERR7125582,ERR7125581,no longer provided,CC BY,48.72872,-3.95894,12,Motile,DMSO,500
ARMS_Roscoff_BasBloS1_190612_200527_SF40_DMSO,France,Roscoff,BasBloS1,2019-06-12,2020-05-27,ERR7125601,ERR7125600,ERR7125602,ERR7125534,ERR7125533,ERR7125535,CC BY,48.72872,-3.95894,12,Sessile,DMSO,40
ARMS_Roscoff_BasBloS2_190612_200528_MF100_DMSO,France,Roscoff,BasBloS2,2019-06-12,2020-05-28,ERR7125604,ERR7125603,ERR7125605,ERR7125534,ERR7125533,ERR7125535,CC BY,48.72872,-3.95894,12,Motile,DMSO,100
ARMS_Roscoff_BasBloS2_190612_200528_MF500_DMSO,France,Roscoff,BasBloS2,2019-06-12,2020-05-28,ERR7125607,ERR7125606,ERR7125608,ERR7125534,ERR7125533,ERR7125535,CC BY,48.72872,-3.95894,12,Motile,DMSO,500
ARMS_Roscoff_BasBloS2_190612_200528_SF40_DMSO,France,Roscoff,BasBloS2,2019-06-12,2020-05-28,ERR7125637,ERR7125624,no longer provided,ERR7125582,ERR7125581,no longer provided,CC BY,48.72872,-3.95894,12,Sessile,DMSO,40
ARMS_Roscoff_BasBloS3_190612_200529_MF100_DMSO,France,Roscoff,BasBloS3,2019-06-12,2020-05-29,ERR7125610,ERR7125609,ERR7125611,ERR7125534,ERR7125533,ERR7125535,CC BY,48.72872,-3.95894,12,Motile,DMSO,100
ARMS_Roscoff_BasBloS3_190612_200529_MF500_DMSO,France,Roscoff,BasBloS3,2019-06-12,2020-05-29,ERR7125613,ERR7125612,ERR7125614,ERR7125534,ERR7125533,ERR7125535,CC BY,48.72872,-3.95894,12,Motile,DMSO,500
ARMS_Roscoff_BasBloS3_190612_200529_SF40_DMSO,France,Roscoff,BasBloS3,2019-06-12,2020-05-29,ERR7125616,ERR7125615,ERR7125617,ERR7125534,ERR7125533,ERR7125535,CC BY,48.72872,-3.95894,12,Sessile,DMSO,40
ARMS_Roscoff_MarBloR1_180709_181024_MF100_DMSO,France,Roscoff,MarBloR1,2018-07-09,2018-10-24,ERR7125638,ERR7125625,no longer provided,ERR7125582,ERR7125581,no longer provided,CC BY,48.71751,-3.96649,1,Motile,DMSO,100
ARMS_Roscoff_MarBloR1_180709_181024_MF100_EtOH,France,Roscoff,MarBloR1,2018-07-09,2018-10-24,ERR7125639,ERR7125626,no longer provided,ERR7125582,ERR7125581,no longer provided,CC BY,48.71751,-3.96649,1,Motile,EtOH,100
ARMS_Roscoff_MarBloR1_180709_181024_MF500_DMSO,France,Roscoff,MarBloR1,2018-07-09,2018-10-24,ERR7125640,ERR7125627,no longer provided,ERR7125582,ERR7125581,no longer provided,CC BY,48.71751,-3.96649,1,Motile,DMSO,500
ARMS_Roscoff_MarBloR1_180709_181024_MF500_EtOH,France,Roscoff,MarBloR1,2018-07-09,2018-10-24,ERR7125641,ERR7125628,no longer provided,ERR7125582,ERR7125581,no longer provided,CC BY,48.71751,-3.96649,1,Motile,EtOH,500
ARMS_Roscoff_MarBloR1_180709_181024_SF40_DMSO,France,Roscoff,MarBloR1,2018-07-09,2018-10-24,ERR7125643,ERR7125629,no longer provided,ERR7125582,ERR7125581,no longer provided,CC BY,48.71751,-3.96649,1,Sessile,DMSO,40
ARMS_Roscoff_MarBloR1_180709_181024_SF40_EtOH,France,Roscoff,MarBloR1,2018-07-09,2018-10-24,ERR7125643,ERR7125630,no longer provided,ERR7125582,ERR7125581,no longer provided,CC BY,48.71751,-3.96649,1,Sessile,EtOH,40
ARMS_Roscoff_MarBloR1_190612_190916_MF100_DMSO,France,Roscoff,MarBloR1,2019-06-12,2019-09-16,ERR4018635,ERR4018617,ERR4018626,ERR4018471,ERR4018472,ERR4018473,CC BY,48.71751,-3.96649,1,Motile,DMSO,100
ARMS_Roscoff_MarBloR1_190612_190916_MF500_DMSO,France,Roscoff,MarBloR1,2019-06-12,2019-09-16,ERR4018636,ERR4018618,ERR4018627,ERR4018471,ERR4018472,ERR4018473,CC BY,48.71751,-3.96649,1,Motile,DMSO,500
ARMS_Roscoff_MarBloR1_190612_190916_SF40_DMSO,France,Roscoff,MarBloR1,2019-06-12,2019-09-16,ERR4018637,ERR4018619,ERR4018628,ERR4018471,ERR4018472,ERR4018473,CC BY,48.71751,-3.96649,1,Sessile,DMSO,40
ARMS_Roscoff_MarBloR2_190612_190917_MF100_DMSO,France,Roscoff,MarBloR2,2019-06-12,2019-09-17,ERR4018638,ERR4018620,ERR4018629,ERR4018471,ERR4018472,ERR4018473,CC BY,48.71751,-3.96649,1,Motile,DMSO,100
ARMS_Roscoff_MarBloR2_190612_190917_MF500_DMSO,France,Roscoff,MarBloR2,2019-06-12,2019-09-17,ERR4018639,ERR4018621,ERR4018630,ERR4018471,ERR4018472,ERR4018473,CC BY,48.71751,-3.96649,1,Motile,DMSO,500
ARMS_Roscoff_MarBloR2_190612_190917_SF40_DMSO,France,Roscoff,MarBloR2,2019-06-12,2019-09-17,ERR4018640,ERR4018622,ERR4018631,ERR4018471,ERR4018472,ERR4018473,CC BY,48.71751,-3.96649,1,Sessile,DMSO,40
ARMS_Roscoff_MarBloR3_190612_190918_MF100_DMSO,France,Roscoff,MarBloR3,2019-06-12,2019-09-18,ERR4018641,ERR4018623,ERR4018632,ERR4018471,ERR4018472,ERR4018473,CC BY,48.71751,-3.96649,1,Motile,DMSO,100
ARMS_Roscoff_MarBloR3_190612_190918_MF500_DMSO,France,Roscoff,MarBloR3,2019-06-12,2019-09-18,ERR4018642,ERR4018624,ERR4018633,ERR4018471,ERR4018472,ERR4018473,CC BY,48.71751,-3.96649,1,Motile,DMSO,500
ARMS_Roscoff_MarBloR3_190612_190918_SF40_DMSO,France,Roscoff,MarBloR3,2019-06-12,2019-09-18,ERR4018643,ERR4018625,ERR4018634,ERR4018471,ERR4018472,ERR4018473,CC BY,48.71751,-3.96649,1,Sessile,DMSO,40
ARMS_Svalbard_S1_180706_190806_MF100_EtOH,Norway,Svalbard,S1,2018-07-06,2019-08-06,ERR7127659,ERR7127653,no longer provided,ERR7125582,ERR7125581,no longer provided,CC BY,78.21302778,15.23361111,14,Motile,EtOH,100
ARMS_Svalbard_S1_180706_190806_MF500_EtOH,Norway,Svalbard,S1,2018-07-06,2019-08-06,ERR7127636,ERR7127635,ERR7127637,ERR7125534,ERR7125533,ERR7125535,CC BY,78.21302778,15.23361111,14,Motile,EtOH,500
ARMS_Svalbard_S1_180706_190806_SF40_EtOH,Norway,Svalbard,S1,2018-07-06,2019-08-06,ERR7127639,ERR7127638,ERR7127640,ERR7125534,ERR7125533,ERR7125535,CC BY,78.21302778,15.23361111,14,Sessile,EtOH,40
ARMS_Svalbard_S1_190806_200804_MF100_DMSO,Norway,Svalbard,S1,2019-08-06,2020-08-04,ERR7127642,ERR7127641,ERR7127643,ERR7125534,ERR7125533,ERR7125535,CC BY,78.21302778,15.23361111,14,Motile,DMSO,100
ARMS_Svalbard_S1_190806_200804_MF500_DMSO,Norway,Svalbard,S1,2019-08-06,2020-08-04,ERR7127645,ERR7127644,ERR7127646,ERR7125534,ERR7125533,ERR7125535,CC BY,78.21302778,15.23361111,14,Motile,DMSO,500
ARMS_Svalbard_S1_190806_200804_SF40_DMSO,Norway,Svalbard,S1,2019-08-06,2020-08-04,ERR7127660,ERR7127654,no longer provided,ERR7125582,ERR7125581,no longer provided,CC BY,78.21302778,15.23361111,14,Sessile,DMSO,40
ARMS_Svalbard_S2_180708_190805_MF100_EtOH,Norway,Svalbard,S2,2018-07-08,2019-08-05,ERR7127648,ERR7127647,ERR7127649,ERR7125534,ERR7125533,ERR7125535,CC BY,78.18833333,15.14472222,14,Motile,EtOH,100
ARMS_Svalbard_S2_180708_190805_MF500_EtOH,Norway,Svalbard,S2,2018-07-08,2019-08-05,ERR7127661,ERR7127655,no longer provided,ERR7125582,ERR7125581,no longer provided,CC BY,78.18833333,15.14472222,14,Motile,EtOH,500
ARMS_Svalbard_S2_180708_190805_SF40_EtOH,Norway,Svalbard,S2,2018-07-08,2019-08-05,ERR7127662,ERR7127656,no longer provided,ERR7125582,ERR7125581,no longer provided,CC BY,78.18833333,15.14472222,14,Sessile,EtOH,40
ARMS_Svalbard_S2_190805_200801_MF100_DMSO,Norway,Svalbard,S2,2019-08-05,2020-08-01,ERR7127663,ERR7127657,no longer provided,ERR7125582,ERR7125581,no longer provided,CC BY,78.18833333,15.14472222,14,Motile,DMSO,100
ARMS_Svalbard_S2_190805_200801_MF500_DMSO,Norway,Svalbard,S2,2019-08-05,2020-08-01,ERR7127664,ERR7127658,no longer provided,ERR7125582,ERR7125581,no longer provided,CC BY,78.18833333,15.14472222,14,Motile,DMSO,500
ARMS_Svalbard_S2_190805_200801_SF40_DMSO,Norway,Svalbard,S2,2019-08-05,2020-08-01,ERR7127651,ERR7127650,ERR7127652,ERR7125534,ERR7125533,ERR7125535,CC BY,78.18833333,15.14472222,14,Sessile,DMSO,40
ARMS_SWC_Bjorko1_200131_200518_MF100_DMSO,Sweden,SWC,Bjorko1,2020-01-31,2020-05-18,ERR4914112,ERR4914054,ERR4914170,ERR4914160,ERR4914102,ERR4914218,CC BY,57.717984,11.679989,2,Motile,DMSO,100
ARMS_SWC_Bjorko1_200131_200518_MF500_DMSO,Sweden,SWC,Bjorko1,2020-01-31,2020-05-18,ERR4914113,ERR4914055,ERR4914171,ERR4914160,ERR4914102,ERR4914218,CC BY,57.717984,11.679989,2,Motile,DMSO,500
ARMS_SWC_Bjorko1_200131_200518_SF40_DMSO,Sweden,SWC,Bjorko1,2020-01-31,2020-05-18,ERR4914114,ERR4914056,ERR4914172,ERR4914160,ERR4914102,ERR4914218,CC BY,57.717984,11.679989,2,Sessile,DMSO,40
ARMS_SWC_Gbg1_200206_200520_MF100_DMSO,Sweden,SWC,Gbg1,2020-02-06,2020-05-20,ERR4914115,ERR4914057,NA,ERR4914160,ERR4914102,NA,CC BY,57.664805,11.714735,6,Motile,DMSO,100
ARMS_SWC_Gbg1_200206_200520_MF500_DMSO,Sweden,SWC,Gbg1,2020-02-06,2020-05-20,ERR4914116,ERR4914058,ERR4914174,ERR4914160,ERR4914102,ERR4914218,CC BY,57.664805,11.714735,6,Motile,DMSO,500
ARMS_SWC_Gbg1_200206_200520_SF40_DMSO,Sweden,SWC,Gbg1,2020-02-06,2020-05-20,ERR4914117,ERR4914059,ERR4914175,ERR4914160,ERR4914102,ERR4914218,CC BY,57.664805,11.714735,6,Sessile,DMSO,40
ARMS_SWC_Gbg2_200206_200520_MF100_DMSO,Sweden,SWC,Gbg2,2020-02-06,2020-05-20,ERR4914118,ERR4914060,ERR4914176,ERR4914160,ERR4914102,ERR4914218,CC BY,57.664608,11.732876,24,Motile,DMSO,100
ARMS_SWC_Gbg2_200206_200520_MF500_DMSO,Sweden,SWC,Gbg2,2020-02-06,2020-05-20,ERR4914119,ERR4914061,ERR4914177,ERR4914160,ERR4914102,ERR4914218,CC BY,57.664608,11.732876,24,Motile,DMSO,500
ARMS_SWC_Gbg2_200206_200520_SF40_DMSO,Sweden,SWC,Gbg2,2020-02-06,2020-05-20,ERR4914120,ERR4914062,ERR4914178,ERR4914160,ERR4914102,ERR4914218,CC BY,57.664608,11.732876,24,Sessile,DMSO,40
ARMS_SWC_Gbg3_200206_200529_MF100_DMSO,Sweden,SWC,Gbg3,2020-02-06,2020-05-29,ERR4914121,ERR4914063,ERR4914179,ERR4914160,ERR4914102,ERR4914218,CC BY,57.680533,11.740578,8,Motile,DMSO,100
ARMS_SWC_Gbg3_200206_200529_MF500_DMSO,Sweden,SWC,Gbg3,2020-02-06,2020-05-29,ERR4914122,ERR4914064,ERR4914180,ERR4914160,ERR4914102,ERR4914218,CC BY,57.680533,11.740578,8,Motile,DMSO,500
ARMS_SWC_Gbg3_200206_200529_SF40_DMSO,Sweden,SWC,Gbg3,2020-02-06,2020-05-29,ERR4914123,ERR4914065,ERR4914181,ERR4914160,ERR4914102,ERR4914218,CC BY,57.680533,11.740578,8,Sessile,DMSO,40
ARMS_SWC_Gbg4_200206_200529_MF100_DMSO,Sweden,SWC,Gbg4,2020-02-06,2020-05-29,ERR4914124,ERR4914066,ERR4914182,ERR4914160,ERR4914102,ERR4914218,CC BY,57.680805,11.728331,6,Motile,DMSO,100
ARMS_SWC_Gbg4_200206_200529_MF500_DMSO,Sweden,SWC,Gbg4,2020-02-06,2020-05-29,ERR4914125,ERR4914067,ERR4914183,ERR4914160,ERR4914102,ERR4914218,CC BY,57.680805,11.728331,6,Motile,DMSO,500
ARMS_SWC_Gbg4_200206_200529_SF40_DMSO,Sweden,SWC,Gbg4,2020-02-06,2020-05-29,ERR4914126,ERR4914068,ERR4914184,ERR4914160,ERR4914102,ERR4914218,CC BY,57.680805,11.728331,6,Sessile,DMSO,40
ARMS_SWC_Helsingborg1_200305_200604_MF100_DMSO,Sweden,SWC,Helsingborg1,2020-03-05,2020-06-04,ERR4914127,ERR4914069,ERR4914185,ERR4914160,ERR4914102,ERR4914218,CC BY,56.026272,12.695728,2,Motile,DMSO,100
ARMS_SWC_Helsingborg1_200305_200604_MF500_DMSO,Sweden,SWC,Helsingborg1,2020-03-05,2020-06-04,ERR4914128,ERR4914070,ERR4914186,ERR4914160,ERR4914102,ERR4914218,CC BY,56.026272,12.695728,2,Motile,DMSO,500
ARMS_SWC_Helsingborg1_200305_200604_SF40_DMSO,Sweden,SWC,Helsingborg1,2020-03-05,2020-06-04,ERR4914129,ERR4914071,ERR4914187,ERR4914160,ERR4914102,ERR4914218,CC BY,56.026272,12.695728,2,Sessile,DMSO,40
ARMS_SWC_Helsingborg2_200305_200604_MF100_DMSO,Sweden,SWC,Helsingborg2,2020-03-05,2020-06-04,ERR4914130,ERR4914072,ERR4914188,ERR4914160,ERR4914102,ERR4914218,CC BY,56.018061,12.700541,2,Motile,DMSO,100
ARMS_SWC_Helsingborg2_200305_200604_MF500_DMSO,Sweden,SWC,Helsingborg2,2020-03-05,2020-06-04,ERR4914131,ERR4914073,ERR4914189,ERR4914160,ERR4914102,ERR4914218,CC BY,56.018061,12.700541,2,Motile,DMSO,500
ARMS_SWC_Helsingborg2_200305_200604_SF40_DMSO,Sweden,SWC,Helsingborg2,2020-03-05,2020-06-04,ERR4914132,ERR4914074,ERR4914190,ERR4914160,ERR4914102,ERR4914218,CC BY,56.018061,12.700541,2,Sessile,DMSO,40
ARMS_SWC_Hjuvik1_200131_200518_MF100_DMSO,Sweden,SWC,Hjuvik1,2020-01-31,2020-05-18,ERR4914133,ERR4914075,ERR4914191,ERR4914160,ERR4914102,ERR4914218,CC BY,57.703221,11.711363,2,Motile,DMSO,100
ARMS_SWC_Hjuvik1_200131_200518_MF500_DMSO,Sweden,SWC,Hjuvik1,2020-01-31,2020-05-18,ERR4914134,ERR4914076,ERR4914192,ERR4914160,ERR4914102,ERR4914218,CC BY,57.703221,11.711363,2,Motile,DMSO,500
ARMS_SWC_Hjuvik1_200131_200518_SF40_DMSO,Sweden,SWC,Hjuvik1,2020-01-31,2020-05-18,ERR4914135,ERR4914077,ERR4914193,ERR4914160,ERR4914102,ERR4914218,CC BY,57.703221,11.711363,2,Sessile,DMSO,40
ARMS_SWC_Marstrand1_200228_200527_MF100_DMSO,Sweden,SWC,Marstrand1,2020-02-28,2020-05-27,ERR4914136,ERR4914078,ERR4914194,ERR4914160,ERR4914102,ERR4914218,CC BY,57.914434,11.594154,5,Motile,DMSO,100
ARMS_SWC_Marstrand1_200228_200527_MF500_DMSO,Sweden,SWC,Marstrand1,2020-02-28,2020-05-27,ERR4914137,ERR4914079,ERR4914195,ERR4914160,ERR4914102,ERR4914218,CC BY,57.914434,11.594154,5,Motile,DMSO,500
ARMS_SWC_Marstrand1_200228_200527_SF40_DMSO,Sweden,SWC,Marstrand1,2020-02-28,2020-05-27,ERR4914138,ERR4914080,ERR4914196,ERR4914160,ERR4914102,ERR4914218,CC BY,57.914434,11.594154,5,Sessile,DMSO,40
ARMS_SWC_Marstrand2_200228_200527_MF100_DMSO,Sweden,SWC,Marstrand2,2020-02-28,2020-05-27,ERR4914139,ERR4914081,ERR4914197,ERR4914160,ERR4914102,ERR4914218,CC BY,57.903512,11.581548,5,Motile,DMSO,100
ARMS_SWC_Marstrand2_200228_200527_MF500_DMSO,Sweden,SWC,Marstrand2,2020-02-28,2020-05-27,ERR4914140,ERR4914082,ERR4914198,ERR4914160,ERR4914102,ERR4914218,CC BY,57.903512,11.581548,5,Motile,DMSO,500
ARMS_SWC_Marstrand2_200228_200527_SF40_DMSO,Sweden,SWC,Marstrand2,2020-02-28,2020-05-27,ERR4914141,ERR4914083,ERR4914199,ERR4914160,ERR4914102,ERR4914218,CC BY,57.903512,11.581548,5,Sessile,DMSO,40
ARMS_SWC_Marstrand3_200228_200527_MF100_DMSO,Sweden,SWC,Marstrand3,2020-02-28,2020-05-27,ERR4914142,ERR4914084,ERR4914200,ERR4914160,ERR4914102,ERR4914218,CC BY,57.889278,11.585722,5,Motile,DMSO,100
ARMS_SWC_Marstrand3_200228_200527_MF500_DMSO,Sweden,SWC,Marstrand3,2020-02-28,2020-05-27,ERR4914143,ERR4914085,ERR4914201,ERR4914160,ERR4914102,ERR4914218,CC BY,57.889278,11.585722,5,Motile,DMSO,500
ARMS_SWC_Marstrand3_200228_200527_SF40_DMSO,Sweden,SWC,Marstrand3,2020-02-28,2020-05-27,ERR4914144,ERR4914086,ERR4914202,ERR4914160,ERR4914102,ERR4914218,CC BY,57.889278,11.585722,5,Sessile,DMSO,40
ARMS_SWC_Preemraff1_200401_200715_MF100_DMSO,Sweden,SWC,Preemraff1,2020-04-01,2020-07-15,ERR4914154,ERR4914096,ERR4914212,ERR4914160,ERR4914102,ERR4914218,CC BY,58.3533,11.43486,3,Motile,DMSO,100
ARMS_SWC_Preemraff1_200401_200715_MF500_DMSO,Sweden,SWC,Preemraff1,2020-04-01,2020-07-15,ERR4914155,ERR4914097,ERR4914213,ERR4914160,ERR4914102,ERR4914218,CC BY,58.3533,11.43486,3,Motile,DMSO,500
ARMS_SWC_Preemraff1_200401_200715_SF40_DMSO,Sweden,SWC,Preemraff1,2020-04-01,2020-07-15,ERR4914156,ERR4914098,ERR4914214,ERR4914160,ERR4914102,ERR4914218,CC BY,58.3533,11.43486,3,Sessile,DMSO,40
ARMS_SWC_Preemraff2_200401_200715_MF100_DMSO,Sweden,SWC,Preemraff2,2020-04-01,2020-07-15,ERR4914157,ERR4914099,ERR4914215,ERR4914160,ERR4914102,ERR4914218,CC BY,58.35405,11.43394,3,Motile,DMSO,100
ARMS_SWC_Preemraff2_200401_200715_MF500_DMSO,Sweden,SWC,Preemraff2,2020-04-01,2020-07-15,ERR4914158,ERR4914100,ERR4914216,ERR4914160,ERR4914102,ERR4914218,CC BY,58.35405,11.43394,3,Motile,DMSO,500
ARMS_SWC_Preemraff2_200401_200715_SF40_DMSO,Sweden,SWC,Preemraff2,2020-04-01,2020-07-15,ERR4914159,ERR4914101,ERR4914217,ERR4914160,ERR4914102,ERR4914218,CC BY,58.35405,11.43394,3,Sessile,DMSO,40
ARMS_SWC_Varberg1_200213_200603_MF100_DMSO,Sweden,SWC,Varberg1,2020-02-13,2020-06-03,ERR4914145,ERR4914087,ERR4914203,ERR4914160,ERR4914102,ERR4914218,CC BY,57.1133741,12.2299832,2,Motile,DMSO,100
ARMS_SWC_Varberg1_200213_200603_MF500_DMSO,Sweden,SWC,Varberg1,2020-02-13,2020-06-03,ERR4914146,ERR4914088,ERR4914204,ERR4914160,ERR4914102,ERR4914218,CC BY,57.1133741,12.2299832,2,Motile,DMSO,500
ARMS_SWC_Varberg1_200213_200603_SF40_DMSO,Sweden,SWC,Varberg1,2020-02-13,2020-06-03,ERR4914147,ERR4914089,ERR4914205,ERR4914160,ERR4914102,ERR4914218,CC BY,57.1133741,12.2299832,2,Sessile,DMSO,40
ARMS_SWC_Varberg2_200213_200603_MF100_DMSO,Sweden,SWC,Varberg2,2020-02-13,2020-06-03,ERR4914148,ERR4914090,ERR4914206,ERR4914160,ERR4914102,ERR4914218,CC BY,57.1126278,12.2302732,2,Motile,DMSO,100
ARMS_SWC_Varberg2_200213_200603_MF500_DMSO,Sweden,SWC,Varberg2,2020-02-13,2020-06-03,ERR4914149,ERR4914091,ERR4914207,ERR4914160,ERR4914102,ERR4914218,CC BY,57.1126278,12.2302732,2,Motile,DMSO,500
ARMS_SWC_Varberg2_200213_200603_SF40_DMSO,Sweden,SWC,Varberg2,2020-02-13,2020-06-03,ERR4914150,ERR4914092,ERR4914208,ERR4914160,ERR4914102,ERR4914218,CC BY,57.1126278,12.2302732,2,Sessile,DMSO,40
ARMS_SWC_Varberg3_200213_200603_MF100_DMSO,Sweden,SWC,Varberg3,2020-02-13,2020-06-03,ERR4914151,ERR4914093,ERR4914209,ERR4914160,ERR4914102,ERR4914218,CC BY,57.1107004,12.2439775,2,Motile,DMSO,100
ARMS_SWC_Varberg3_200213_200603_MF500_DMSO,Sweden,SWC,Varberg3,2020-02-13,2020-06-03,ERR4914152,ERR4914094,ERR4914210,ERR4914160,ERR4914102,ERR4914218,CC BY,57.1107004,12.2439775,2,Motile,DMSO,500
ARMS_SWC_Varberg3_200213_200603_SF40_DMSO,Sweden,SWC,Varberg3,2020-02-13,2020-06-03,ERR4914153,ERR4914095,ERR4914211,ERR4914160,ERR4914102,ERR4914218,CC BY,57.1107004,12.2439775,2,Sessile,DMSO,40
ARMS_TZS_Angbat_180711_181106_MF100_EtOH,Finland,TZS,Angbat,2018-07-11,2018-11-06,ERR7125522,ERR7125518,no longer provided,ERR7125582,ERR7125581,no longer provided,CC BY,59.841505,23.248879,4,Motile,EtOH,100
ARMS_TZS_Angbat_180711_181106_MF500_EtOH,Finland,TZS,Angbat,2018-07-11,2018-11-06,ERR4018733,ERR4605225,ERR4018731,ERR4018737,ERR4605902,ERR4018475,CC BY,59.841505,23.248879,4,Motile,EtOH,500
ARMS_TZS_Angbat_180711_181106_SF48_EtOH,Finland,TZS,Angbat,2018-07-11,2018-11-06,ERR7125523,ERR7125519,no longer provided,ERR7125582,ERR7125581,no longer provided,CC BY,59.841505,23.248879,4,Sessile,EtOH,48
ARMS_TZS_Angbat_200608_201117_MF100_EtOH,Finland,TZS,Angbat,2020-06-08,2020-11-17,ERR7125501,ERR7125500,ERR7125502,ERR7125534,ERR7125533,ERR7125535,CC BY,59.841505,23.248879,4,Motile,EtOH,100
ARMS_TZS_Angbat_200608_201117_MF500_EtOH,Finland,TZS,Angbat,2020-06-08,2020-11-17,ERR7125504,ERR7125503,ERR7125505,ERR7125534,ERR7125533,ERR7125535,CC BY,59.841505,23.248879,4,Motile,EtOH,500
ARMS_TZS_Angbat_200608_201117_SF40_EtOH,Finland,TZS,Angbat,2020-06-08,2020-11-17,ERR7125507,ERR7125506,ERR7125508,ERR7125534,ERR7125533,ERR7125535,CC BY,59.841505,23.248879,4,Sessile,EtOH,40
ARMS_TZS_Kummelkobben_200608_201120_MF100_EtOH,Finland,TZS,Kummelkobben,2020-06-08,2020-11-20,ERR7125510,ERR7125509,ERR7125511,ERR7125534,ERR7125533,ERR7125535,CC BY,59.86442,23.265084,6,Motile,EtOH,100
ARMS_TZS_Kummelkobben_200608_201120_MF500_EtOH,Finland,TZS,Kummelkobben,2020-06-08,2020-11-20,ERR7125513,ERR7125512,ERR7125514,ERR7125534,ERR7125533,ERR7125535,CC BY,59.86442,23.265084,6,Motile,EtOH,500
ARMS_TZS_Kummelkobben_200608_201120_SF40_EtOH,Finland,TZS,Kummelkobben,2020-06-08,2020-11-20,ERR7125516,ERR7125515,ERR7125517,ERR7125534,ERR7125533,ERR7125535,CC BY,59.86442,23.265084,6,Sessile,EtOH,40
ARMS_TZS_Spikarna_180711_181107_MF100_EtOH,Finland,TZS,Spikarna,2018-07-11,2018-11-07,ERR7125524,ERR7125520,no longer provided,ERR7125582,ERR7125581,no longer provided,CC BY,59.81094,23.206216,3,Motile,EtOH,100
ARMS_TZS_Spikarna_180711_181107_MF500_EtOH,Finland,TZS,Spikarna,2018-07-11,2018-11-07,ERR4018732,ERR4605224,ERR4018730,ERR4018737,ERR4605902,ERR4018475,CC BY,59.81094,23.206216,3,Motile,EtOH,500
ARMS_TZS_Spikarna_180711_181107_SF48_EtOH,Finland,TZS,Spikarna,2018-07-11,2018-11-07,ERR7125525,ERR7125521,no longer provided,ERR7125582,ERR7125581,no longer provided,CC BY,59.81094,23.206216,3,Sessile,EtOH,48
ARMS_Vigo_TorallaA_180607_180924_MF100_EtOH,Spain,Vigo,TorallaA,2018-06-07,2018-09-24,ERR7127712,ERR7127701,no longer provided,ERR7125582,ERR7125581,no longer provided,CC BY,42.233333,-8.783333,12,Motile,EtOH,100
ARMS_Vigo_TorallaA_180607_180924_MF500_EtOH,Spain,Vigo,TorallaA,2018-06-07,2018-09-24,ERR7127713,ERR7127702,no longer provided,ERR7125582,ERR7125581,no longer provided,CC BY,42.233333,-8.783333,12,Motile,EtOH,500
ARMS_Vigo_TorallaA_180607_180924_SF40_EtOH,Spain,Vigo,TorallaA,2018-06-07,2018-09-24,ERR4018703,ERR4605223,ERR4018702,ERR4018737,ERR4605902,ERR4018475,CC BY,42.233333,-8.783333,12,Sessile,EtOH,40
ARMS_Vigo_TorallaA_190625_191014_MF100_DMSO,Spain,Vigo,TorallaA,2019-06-25,2019-10-14,ERR4018716,ERR4018704,ERR4018710,ERR4018471,ERR4018472,ERR4018473,CC BY,42.233333,-8.783333,12,Motile,DMSO,100
ARMS_Vigo_TorallaA_190625_191014_MF500_DMSO,Spain,Vigo,TorallaA,2019-06-25,2019-10-14,ERR4018717,ERR4018705,ERR4018711,ERR4018471,ERR4018472,ERR4018473,CC BY,42.233333,-8.783333,12,Motile,DMSO,500
ARMS_Vigo_TorallaA_190625_191014_SF40_DMSO,Spain,Vigo,TorallaA,2019-06-25,2019-10-14,ERR7127691,ERR7127690,ERR7127692,ERR7125534,ERR7125533,ERR7125535,CC BY,42.233333,-8.783333,12,Sessile,DMSO,40
ARMS_Vigo_TorallaB_190625_191014_MF100_DMSO,Spain,Vigo,TorallaB,2019-06-25,2019-10-14,ERR4018718,ERR4018706,ERR4018712,ERR4018471,ERR4018472,ERR4018473,CC BY,42.233333,-8.783333,12,Motile,DMSO,100
ARMS_Vigo_TorallaB_190625_191014_MF500_DMSO,Spain,Vigo,TorallaB,2019-06-25,2019-10-14,ERR4018719,ERR4018707,ERR4018713,ERR4018471,ERR4018472,ERR4018473,CC BY,42.233333,-8.783333,12,Motile,DMSO,500
ARMS_Vigo_TorallaB_190625_191014_SF40_DMSO,Spain,Vigo,TorallaB,2019-06-25,2019-10-14,ERR7127714,ERR7127703,no longer provided,ERR7125582,ERR7125581,no longer provided,CC BY,42.233333,-8.783333,12,Sessile,DMSO,40
ARMS_Vigo_TorallaC_190625_191014_MF100_DMSO,Spain,Vigo,TorallaC,2019-06-25,2019-10-14,ERR4018720,ERR4018708,ERR4018714,ERR4018471,ERR4018472,ERR4018473,CC BY,42.233333,-8.783333,12,Motile,DMSO,100
ARMS_Vigo_TorallaC_190625_191014_MF500_DMSO,Spain,Vigo,TorallaC,2019-06-25,2019-10-14,ERR4018721,ERR4018709,ERR4018715,ERR4018471,ERR4018472,ERR4018473,CC BY,42.233333,-8.783333,12,Motile,DMSO,500
ARMS_Vigo_TorallaC_190625_191014_SF40_DMSO,Spain,Vigo,TorallaC,2019-06-25,2019-10-14,ERR9632095,ERR9632080,no longer provided,ERR9632065,ERR9632062,no longer provided,CC BY,42.233333,-8.783333,12,Sessile,DMSO,40
