Station,Country,ARMS_unit,date_start,date_end,Event_id,File_Name,File_Type,File_Download_URL,created_at,updated_at
Plymouth,United Kingdom,MBA1,2018-07-01,2018-10-01,ARMS_Plymouth_MBA1_20180701_20181001,ARMS_Plymouth_MBA2_180701_181001_IMG_1T_P1725.JPG,Image,https://files.plutof.ut.ee/public/orig/57/71/57715404C2A56D7B3456E9B8013EE3CD024A0BDD38053FA9967659703F322BA0.jpg,2019-11-05,2022-01-24
Plymouth,United Kingdom,MBA1,2018-07-01,2018-10-01,ARMS_Plymouth_MBA1_20180701_20181001,ARMS_Plymouth_MBA2_180701_181001_IMG_2T_P1728.JPG,Image,https://files.plutof.ut.ee/public/orig/1F/CB/1FCB50F37407B89B32C170BBEFDA0C74EE0D87D4EDBB176AD0BCB95520E813E7.jpg,2019-11-05,2022-01-24
Plymouth,United Kingdom,MBA1,2018-07-01,2018-10-01,ARMS_Plymouth_MBA1_20180701_20181001,ARMS_Plymouth_MBA2_180701_181001_IMG_2B_P1727.JPG,Image,https://files.plutof.ut.ee/public/orig/5A/18/5A18B7C63E71CB14D3138FAA2BF0B26C2C38604E33D1B44F98BE4DB8455F5D6B.jpg,2019-11-05,2022-01-24
Plymouth,United Kingdom,MBA1,2018-07-01,2018-10-01,ARMS_Plymouth_MBA1_20180701_20181001,ARMS_Plymouth_MBA2_180701_181001_IMG_3B_P1731.JPG,Image,https://files.plutof.ut.ee/public/orig/88/63/8863768B68A6F650D3E4935E3C1B2253223DA79279C3DE8AEDC8329A3B57741D.jpg,2019-11-05,2022-01-24
Plymouth,United Kingdom,MBA1,2018-07-01,2018-10-01,ARMS_Plymouth_MBA1_20180701_20181001,ARMS_Plymouth_MBA2_180701_181001_IMG_4B_P1735.JPG,Image,https://files.plutof.ut.ee/public/orig/01/CC/01CCC73B5D997352844759BD67659DCBF6C8861CBFEBA56F7BB43200B7CAB7F1.jpg,2019-11-05,2022-01-24
Plymouth,United Kingdom,MBA1,2018-07-01,2018-10-01,ARMS_Plymouth_MBA1_20180701_20181001,ARMS_Plymouth_MBA2_180701_181001_IMG_4T_P1737.JPG,Image,https://files.plutof.ut.ee/public/orig/51/14/51141899E4FB0CBC8738E34753461AA2C716A769F79054098D89FED39005F955.jpg,2019-11-05,2022-01-24
Plymouth,United Kingdom,MBA1,2018-07-01,2018-10-01,ARMS_Plymouth_MBA1_20180701_20181001,ARMS_Plymouth_MBA2_180701_181001_IMG_5T_P1741.JPG,Image,https://files.plutof.ut.ee/public/orig/D6/C7/D6C717FEA90D2B5780AF035629DEE94DEABA728B37883D8D27CC4ACA6E6049BF.jpg,2019-11-05,2022-01-24
Plymouth,United Kingdom,MBA1,2018-07-01,2018-10-01,ARMS_Plymouth_MBA1_20180701_20181001,2018_MBA_MBA2_IMGP1743.JPG,Image,https://files.plutof.ut.ee/public/orig/04/80/04800AC716679D45EE7772A37DBED34B4A4E718B99639616B2F6B128F8D62854.jpg,2019-11-05,2022-01-24
Plymouth,United Kingdom,MBA1,2018-07-01,2018-10-01,ARMS_Plymouth_MBA1_20180701_20181001,ARMS_Plymouth_MBA2_180701_181001_IMG_5B_P1739.JPG,Image,https://files.plutof.ut.ee/public/orig/89/E5/89E53CB6C889A072C7DF9A515F97F6F740138975F6F9E0F91E59ED4E5A94BF31.jpg,2019-11-05,2022-01-24
Plymouth,United Kingdom,MBA1,2018-07-01,2018-10-01,ARMS_Plymouth_MBA1_20180701_20181001,ARMS_Plymouth_MBA2_180701_181001_IMG_6B_P1745.JPG,Image,https://files.plutof.ut.ee/public/orig/FF/3D/FF3DE81A2311B61C45A029B26D8C819CF664C7573C619FCA6B2D638070976D65.jpg,2019-11-05,2022-01-24
Plymouth,United Kingdom,MBA1,2018-07-01,2018-10-01,ARMS_Plymouth_MBA1_20180701_20181001,ARMS_Plymouth_MBA2_180701_181001_IMG_6T_P1749.JPG,Image,https://files.plutof.ut.ee/public/orig/C7/73/C7733BF680C9319CC0A192B1773F5CCC174AA606451BA7278DE60D612AC63A67.jpg,2019-11-05,2022-01-24
Plymouth,United Kingdom,MBA1,2018-07-01,2018-10-01,ARMS_Plymouth_MBA1_20180701_20181001,ARMS_Plymouth_MBA2_180701_181001_IMG_7B_P1751.JPG,Image,https://files.plutof.ut.ee/public/orig/99/A8/99A8233C168AED13776D488039357CFA01083EA431208930E7AF704E52C1EA8B.jpg,2019-11-05,2022-01-24
Plymouth,United Kingdom,MBA1,2018-07-01,2018-10-01,ARMS_Plymouth_MBA1_20180701_20181001,ARMS_Plymouth_MBA2_180701_181001_IMG_7T_P1753.JPG,Image,https://files.plutof.ut.ee/public/orig/41/3F/413FC3F32E550F29B72D655219EBE2F5EC40C2D72F3161E251FCF8242CFDD593.jpg,2019-11-05,2022-01-24
Plymouth,United Kingdom,MBA1,2018-07-01,2018-10-01,ARMS_Plymouth_MBA1_20180701_20181001,2018_MBA_MBA2_IMGP1755.JPG,Image,https://files.plutof.ut.ee/public/orig/AE/B6/AEB64F5C514F847BE120BF34B107320ED840F1D8BCE934C538FF401EDC648C91.jpg,2019-11-05,2022-01-24
Plymouth,United Kingdom,MBA1,2018-07-01,2018-10-01,ARMS_Plymouth_MBA1_20180701_20181001,2018_MBA_MBA2_IMGP1757.JPG,Image,https://files.plutof.ut.ee/public/orig/65/33/653364B7AE3E65D85F848569F316CEAC1FCACB73F80D5D992A3BA25088166064.jpg,2019-11-05,2022-01-24
Plymouth,United Kingdom,MBA1,2018-07-01,2018-10-01,ARMS_Plymouth_MBA1_20180701_20181001,ARMS_Plymouth_MBA2_180701_181001_IMG_8B_P1759.JPG,Image,https://files.plutof.ut.ee/public/orig/30/1C/301C047CCF4945E934202E3B4E0A51FAC1991F020D15B1C2402318F5C8474FA8.jpg,2019-11-05,2022-01-24
Plymouth,United Kingdom,MBA1,2018-07-01,2018-10-01,ARMS_Plymouth_MBA1_20180701_20181001,2018_MBA_MBA2_IMGP1760.JPG,Image,https://files.plutof.ut.ee/public/orig/00/DE/00DEA6EB73138D34211E05F6DDF5F82FE94276883C0987C505D741AB55A9BBFB.jpg,2019-11-05,2022-01-24
Plymouth,United Kingdom,MBA1,2018-07-01,2018-10-01,ARMS_Plymouth_MBA1_20180701_20181001,2018_MBA_MBA2_IMGP1761.JPG,Image,https://files.plutof.ut.ee/public/orig/E2/11/E2110C33E9CA1272EB1ADFC7FD0EE22DB1658AFABD4F7C2D55D45D037E0F3C1F.jpg,2019-11-05,2022-01-24
Plymouth,United Kingdom,MBA1,2018-07-01,2018-10-01,ARMS_Plymouth_MBA1_20180701_20181001,2018_MBA_MBA2_IMGP1762.JPG,Image,https://files.plutof.ut.ee/public/orig/AD/DB/ADDB908CC5C2E00326EA057AF1C716ED941FAB8B8EE1D4027CD0480B567F7C81.jpg,2019-11-05,2022-01-24
Plymouth,United Kingdom,MBA1,2018-07-01,2018-10-01,ARMS_Plymouth_MBA1_20180701_20181001,ARMS_Plymouth_MBA2_180701_181001_IMG_8T_P1764.JPG,Image,https://files.plutof.ut.ee/public/orig/D4/16/D416FD85F74A5F4AF3A90FADAFB0CF08F0803EE1A7A9565B219DF98B1EB1312E.jpg,2019-11-05,2022-01-24
Plymouth,United Kingdom,MBA1,2018-07-01,2018-10-01,ARMS_Plymouth_MBA1_20180701_20181001,ARMS_Plymouth_MBA2_180701_181001_IMG_9B_P1766.JPG,Image,https://files.plutof.ut.ee/public/orig/8C/18/8C18E1FF7F210468A1908929FA542D1A48ED5860DE07C337A710F6DE3D2C9F99.jpg,2019-11-05,2022-01-24
Plymouth,United Kingdom,MBA1,2018-07-01,2018-10-01,ARMS_Plymouth_MBA1_20180701_20181001,2018_MBA_MBA2_IMGP1772.JPG,Image,https://files.plutof.ut.ee/public/orig/7C/C4/7CC4A3B3BBC3BA27FD524395110B9BAA5DF1C707E2F83A31D747FF326F5045BD.jpg,2019-11-05,2022-01-24
Plymouth,United Kingdom,MBA1,2018-07-01,2018-10-01,ARMS_Plymouth_MBA1_20180701_20181001,2018_MBA_MBA2_IMGP1775.JPG,Image,https://files.plutof.ut.ee/public/orig/A4/7F/A47FAE90AA4E757396921FDD832ED8AC40265E4C6EE28B07B49FADD2467F5700.jpg,2019-11-05,2022-01-24
Plymouth,United Kingdom,MBA1,2018-07-01,2018-10-01,ARMS_Plymouth_MBA1_20180701_20181001,Image log_MBA2_2018.jpg,Image,https://files.plutof.ut.ee/public/orig/59/1B/591B4F58BB4959E70A616EC8BA4FF388C1156EF79CF20C9FFDADEA4BF0636AE1.jpg,2019-11-05,2022-01-24
Plymouth,United Kingdom,MBA1,2018-07-01,2018-10-01,ARMS_Plymouth_MBA1_20180701_20181001,2018_MBA_MBA2_IMGP1776.JPG,Image,https://files.plutof.ut.ee/public/orig/8B/13/8B136458E60BA439DA72063663365EAE63D02D874B98B0878464CB6F3704DE93.jpg,2019-11-05,2022-01-24
Plymouth,United Kingdom,MBA1,2018-07-01,2018-10-01,ARMS_Plymouth_MBA1_20180701_20181001,ARMS_Plymouth_MBA2_180701_181001_IMG_9T_P1768.JPG,Image,https://files.plutof.ut.ee/public/orig/42/4E/424EE86F3BE247AFC7868AB902518CE1948413A3F7284E8E897F063FDB8372C4.jpg,2019-11-05,2022-01-24
Plymouth,United Kingdom,MBA1,2018-07-01,2018-10-01,ARMS_Plymouth_MBA1_20180701_20181001,ARMS_Plymouth_MBA2_180701_181001_IMG_3T_P1733.JPG,Image,https://files.plutof.ut.ee/public/orig/10/21/10217199EE86CD2BCA24DAAD9D244DC4AAA6BB87541D43CFD6AA1F64D95A27A2.jpg,2019-11-05,2022-01-24
Plymouth,United Kingdom,MBA2,2018-07-01,2018-10-01,ARMS_Plymouth_MBA2_20180701_20181001,ARMS_Plymouth_MBA1_180701_181001_IMG_1T_P1693.JPG,Image,https://files.plutof.ut.ee/public/orig/ED/B3/EDB3D5827C91AF996A44C6D54B940E4CCC723883C6076606FEEAB33447816DE0.jpg,2019-11-05,2022-01-24
Plymouth,United Kingdom,MBA2,2018-07-01,2018-10-01,ARMS_Plymouth_MBA2_20180701_20181001,ARMS_Plymouth_MBA1_180701_181001_IMG_2B_P1695.JPG,Image,https://files.plutof.ut.ee/public/orig/B7/DA/B7DA76CBDAD1C5FF45819D4B0B507110D4CA46F4269A1CF75FF41BF1A5F07AA5.jpg,2019-11-05,2022-01-24
Plymouth,United Kingdom,MBA2,2018-07-01,2018-10-01,ARMS_Plymouth_MBA2_20180701_20181001,ARMS_Plymouth_MBA1_180701_181001_IMG_2T_P1696.JPG,Image,https://files.plutof.ut.ee/public/orig/14/D9/14D93B0880C10526C782F545B13587D964CD958DF7D990FB4D900160036B075C.jpg,2019-11-05,2022-01-24
Plymouth,United Kingdom,MBA2,2018-07-01,2018-10-01,ARMS_Plymouth_MBA2_20180701_20181001,ARMS_Plymouth_MBA1_180701_181001_IMG_3B_P1697.JPG,Image,https://files.plutof.ut.ee/public/orig/E4/13/E413A0DB3C63DC4A4938E0A8097AEAE02D7582BAC995C8C961CF60229FF23930.jpg,2019-11-05,2022-01-24
Plymouth,United Kingdom,MBA2,2018-07-01,2018-10-01,ARMS_Plymouth_MBA2_20180701_20181001,ARMS_Plymouth_MBA1_180701_181001_IMG_3T_P1698.JPG,Image,https://files.plutof.ut.ee/public/orig/44/F3/44F3AC72AC00BA26C1B0889D727E13078CD7BA9C915B42E228C020F453BA52DE.jpg,2019-11-05,2022-01-24
Plymouth,United Kingdom,MBA2,2018-07-01,2018-10-01,ARMS_Plymouth_MBA2_20180701_20181001,ARMS_Plymouth_MBA1_180701_181001_IMG_4B_P1699.JPG,Image,https://files.plutof.ut.ee/public/orig/7B/81/7B811666BF1BF76904A736ABFDB76C531DAEB436FBB11EEE1751F4F31D4230A5.jpg,2019-11-05,2022-01-24
Plymouth,United Kingdom,MBA2,2018-07-01,2018-10-01,ARMS_Plymouth_MBA2_20180701_20181001,ARMS_Plymouth_MBA1_180701_181001_IMG_5B_P1703.JPG,Image,https://files.plutof.ut.ee/public/orig/D2/F8/D2F8D41E0346A729891177199BF06DAE2BB43701263696BC1888FF1F472F0258.jpg,2019-11-05,2022-01-24
Plymouth,United Kingdom,MBA2,2018-07-01,2018-10-01,ARMS_Plymouth_MBA2_20180701_20181001,ARMS_Plymouth_MBA1_180701_181001_IMG_4T_P1701.JPG,Image,https://files.plutof.ut.ee/public/orig/D1/67/D16797731EE448458C75B9246F37B2124E9FE765089A2722737865F481BDB4AD.jpg,2019-11-05,2022-01-24
Plymouth,United Kingdom,MBA2,2018-07-01,2018-10-01,ARMS_Plymouth_MBA2_20180701_20181001,ARMS_Plymouth_MBA1_180701_181001_IMG_5T_P1704.JPG,Image,https://files.plutof.ut.ee/public/orig/D2/F1/D2F1EDB68E6F5F857EA022BFAFD6D5860257B230BBFDCC069ADB30DB02A89784.jpg,2019-11-05,2022-01-24
Plymouth,United Kingdom,MBA2,2018-07-01,2018-10-01,ARMS_Plymouth_MBA2_20180701_20181001,ARMS_Plymouth_MBA1_180701_181001_IMG_6T_P1706.JPG,Image,https://files.plutof.ut.ee/public/orig/08/D8/08D8C0EF866650EF7C77A01F1F03CA5799644AE5103C44DDCCC84A05DCBB8A95.jpg,2019-11-05,2022-01-24
Plymouth,United Kingdom,MBA2,2018-07-01,2018-10-01,ARMS_Plymouth_MBA2_20180701_20181001,ARMS_Plymouth_MBA1_180701_181001_IMG_7T_P1708.JPG,Image,https://files.plutof.ut.ee/public/orig/93/F5/93F5911A0C790C72223BC08BFC3A2A2DEF16FA14C8F1A4FC65E5C1DDE51279E3.jpg,2019-11-05,2022-01-24
Plymouth,United Kingdom,MBA2,2018-07-01,2018-10-01,ARMS_Plymouth_MBA2_20180701_20181001,ARMS_Plymouth_MBA1_180701_181001_IMG_8B_P1710.JPG,Image,https://files.plutof.ut.ee/public/orig/95/F3/95F348DDA15E0C650C1E3F97761CD1E9FC8D89B295CD04F3874DB08B7BEC0F36.jpg,2019-11-05,2022-01-24
Plymouth,United Kingdom,MBA2,2018-07-01,2018-10-01,ARMS_Plymouth_MBA2_20180701_20181001,ARMS_Plymouth_MBA1_180701_181001_IMG_8B_P1713.JPG,Image,https://files.plutof.ut.ee/public/orig/C3/07/C30799F088F5BBAE3819BA6221FC82020ADF64CBA02BF5E8BD54C7310549A786.jpg,2019-11-05,2022-01-24
Plymouth,United Kingdom,MBA2,2018-07-01,2018-10-01,ARMS_Plymouth_MBA2_20180701_20181001,ARMS_Plymouth_MBA1_180701_181001_IMG_8T_P1714.JPG,Image,https://files.plutof.ut.ee/public/orig/88/31/8831AC5C0089755381174144C2281EFDB79A9C1F947A67DAB8DAD75F0DFE6869.jpg,2019-11-05,2022-01-24
Plymouth,United Kingdom,MBA2,2018-07-01,2018-10-01,ARMS_Plymouth_MBA2_20180701_20181001,ARMS_Plymouth_MBA1_180701_181001_IMG_8T_P1715.JPG,Image,https://files.plutof.ut.ee/public/orig/20/A7/20A713C3E40AD3F0678859EB9F98509054A01A39F1CF62ABF3A441C7E721EF64.jpg,2019-11-05,2022-01-24
Plymouth,United Kingdom,MBA2,2018-07-01,2018-10-01,ARMS_Plymouth_MBA2_20180701_20181001,ARMS_Plymouth_MBA1_180701_181001_IMG_9B_P1716.JPG,Image,https://files.plutof.ut.ee/public/orig/DF/28/DF28171ED0D78C836451093770B71CFEC5988AB7D9D44632B880C62403693A08.jpg,2019-11-05,2022-01-24
Plymouth,United Kingdom,MBA2,2018-07-01,2018-10-01,ARMS_Plymouth_MBA2_20180701_20181001,2018_MBA_MBA1_P1260960.JPG,Image,https://files.plutof.ut.ee/public/orig/0F/72/0F72807DF57B8F7146C5B6CD632028D2AFFF002DA6674C6AB62FF7DC6BAB7E9E.jpg,2019-11-05,2022-01-24
Plymouth,United Kingdom,MBA2,2018-07-01,2018-10-01,ARMS_Plymouth_MBA2_20180701_20181001,ARMS_Plymouth_MBA1_180701_181001_IMG_1B_P1260961.JPG,Image,https://files.plutof.ut.ee/public/orig/AF/03/AF037045B40B406ABDD380283DD5ED14A4DA3B2E43CE409890CF30FFAFFC634F.jpg,2019-11-05,2022-01-24
Plymouth,United Kingdom,MBA2,2018-07-01,2018-10-01,ARMS_Plymouth_MBA2_20180701_20181001,2018_MBA_MBA1_P1260962.JPG,Image,https://files.plutof.ut.ee/public/orig/37/3A/373AC98B50DD575362F1BD162FD42832AC8C71715552D794E36FC671DB899DA9.jpg,2019-11-05,2022-01-24
Plymouth,United Kingdom,MBA2,2018-07-01,2018-10-01,ARMS_Plymouth_MBA2_20180701_20181001,2018_MBA_MBA1_P1260967.JPG,Image,https://files.plutof.ut.ee/public/orig/A3/35/A3356388F9B6CA4BE6CB02CA819B27E081227758A9CBF4AF4DA9A673DC1A1D9A.jpg,2019-11-05,2022-01-24
Plymouth,United Kingdom,MBA2,2018-07-01,2018-10-01,ARMS_Plymouth_MBA2_20180701_20181001,Image log.jpg,Image,https://files.plutof.ut.ee/public/orig/2D/C2/2DC2E9BE028F7EBA30FF16155F56C6C614B97196700E928DE09A651A29964E99.jpg,2019-11-05,2022-01-24
Plymouth,United Kingdom,MBA2,2018-07-01,2018-10-01,ARMS_Plymouth_MBA2_20180701_20181001,2018_MBA_MBA1_P1260966.JPG,Image,https://files.plutof.ut.ee/public/orig/E0/B5/E0B58C895F0FCCB1F7F2DEF6E7FEAD1CA34C842402B68BABB4723FEDAA8BD200.jpg,2019-11-05,2022-01-24
Plymouth,United Kingdom,MBA2,2018-07-01,2018-10-01,ARMS_Plymouth_MBA2_20180701_20181001,ARMS_Plymouth_MBA1_180701_181001_IMG_9T_P1718.JPG,Image,https://files.plutof.ut.ee/public/orig/1D/79/1D797CE2ECC83FA07628BF2FA5B05089B2559F4F04F14D734E1FD763F1EFB423.jpg,2019-11-05,2022-01-24
Plymouth,United Kingdom,MBA2,2018-07-01,2018-10-01,ARMS_Plymouth_MBA2_20180701_20181001,ARMS_Plymouth_MBA1_180701_181001_IMG_6B_P1705.JPG,Image,https://files.plutof.ut.ee/public/orig/8C/F0/8CF031E528B97AF2A005A81C146EA8BE1CEBAF06CF0DF486B790817E2A80F595.jpg,2019-11-05,2022-01-24
Plymouth,United Kingdom,MBA1A,2020-07-17,2020-09-21,ARMS_Plymouth_MBA1A_20200717_20200921,ARMS_PLYMOUTH_ARMS1A_200717_220917_IMG_1B_P127-0961.JPG,Image,https://files.plutof.ut.ee/public/orig/EC/3E/EC3EDB6B69D656706930C2738CCD8C22718A29A98FF950DEEE1F91AD309CB070.jpg,2020-09-15,2020-12-16
Plymouth,United Kingdom,MBA1A,2020-07-17,2020-09-21,ARMS_Plymouth_MBA1A_20200717_20200921,ARMS_PLYMOUTH_ARMS1A_200717_220917_IMG_3B_P127-0965.JPG,Image,https://files.plutof.ut.ee/public/orig/0B/8A/0B8A1B2321D20AD5E8F30952A95397E186694AEB4DB3D45DEB812E613014E322.jpg,2020-09-15,2020-12-16
Plymouth,United Kingdom,MBA1A,2020-07-17,2020-09-21,ARMS_Plymouth_MBA1A_20200717_20200921,ARMS_PLYMOUTH_ARMS1A_200717_220917_IMG_6T_P127-0970.JPG,Image,https://files.plutof.ut.ee/public/orig/EC/AC/ECAC0ED2D9FE8FFE7390EF4D0C7931CEDB96FE46DAE084BE679F7E357ED94D29.jpg,2020-09-15,2020-12-16
Plymouth,United Kingdom,MBA1A,2020-07-17,2020-09-21,ARMS_Plymouth_MBA1A_20200717_20200921,ARMS_PLYMOUTH_ARMS1A_200717_220917_IMG_0T_P127-0958.JPG,Image,https://files.plutof.ut.ee/public/orig/BC/58/BC58CFC99FC146C7CCC26F122EF343723DDF2BDAB484CD1CDDE0145CD428A0A2.jpg,2020-09-15,2020-12-16
Plymouth,United Kingdom,MBA1A,2020-07-17,2020-09-21,ARMS_Plymouth_MBA1A_20200717_20200921,ARMS_PLYMOUTH_ARMS1A_200717_220917_IMG_0B_P127-0959.JPG,Image,https://files.plutof.ut.ee/public/orig/AC/FA/ACFA94673F1B8301839B0673A4CA599D7760B1F4479B878CDD415B4AF944A0BC.jpg,2020-09-15,2020-12-16
Plymouth,United Kingdom,MBA1A,2020-07-17,2020-09-21,ARMS_Plymouth_MBA1A_20200717_20200921,ARMS_PLYMOUTH_ARMS1A_200717_220917_IMG_4T_P127-0966.JPG,Image,https://files.plutof.ut.ee/public/orig/6F/3B/6F3B7B8667B6573E7D93745892689FC8E673A34511454CA9F608DA4A4D5268BF.jpg,2020-09-15,2020-12-16
Plymouth,United Kingdom,MBA1A,2020-07-17,2020-09-21,ARMS_Plymouth_MBA1A_20200717_20200921,ARMS_PLYMOUTH_ARMS1A_200717_220917_IMG_2B_P127-0963.JPG,Image,https://files.plutof.ut.ee/public/orig/3E/E6/3EE6A277D292CA0D71289F0CD4C4CAA79AB52D09A0EA5CF0BCC96B225DCBD585.jpg,2020-09-15,2020-12-16
Plymouth,United Kingdom,MBA1A,2020-07-17,2020-09-21,ARMS_Plymouth_MBA1A_20200717_20200921,ARMS_PLYMOUTH_ARMS1A_200717_220917_IMG_1T_P127-0960.JPG,Image,https://files.plutof.ut.ee/public/orig/2F/3A/2F3A6612B161BFB089959E59964902AAEFA61275085978A2036B733537322502.jpg,2020-09-15,2020-12-16
Plymouth,United Kingdom,MBA1A,2020-07-17,2020-09-21,ARMS_Plymouth_MBA1A_20200717_20200921,ARMS_PLYMOUTH_ARMS1A_200717_220917_IMG_4B_P127-0967.JPG,Image,https://files.plutof.ut.ee/public/orig/6C/57/6C57CC71756593E1E7A3B273B8C32A99F48A25AAE23D5FC756B72BE5F1C137D5.jpg,2020-09-15,2020-12-16
Plymouth,United Kingdom,MBA1A,2020-07-17,2020-09-21,ARMS_Plymouth_MBA1A_20200717_20200921,ARMS_PLYMOUTH_ARMS1A_200717_220917_IMG_6B_P127-0971.JPG,Image,https://files.plutof.ut.ee/public/orig/BA/3F/BA3FC9FB3DDC31FCF30BF2EB00996BEAF50C6AB8E71C229961590A379919EAE5.jpg,2020-09-15,2020-12-16
Plymouth,United Kingdom,MBA1A,2020-07-17,2020-09-21,ARMS_Plymouth_MBA1A_20200717_20200921,ARMS_PLYMOUTH_ARMS1A_200717_220917_IMG_2T_P127-0962.JPG,Image,https://files.plutof.ut.ee/public/orig/25/44/254474EE7AFB97FFC6E09208E60CA0E69DB2608772088EFBFBC20B7229720FC5.jpg,2020-09-15,2020-12-16
Plymouth,United Kingdom,MBA1A,2020-07-17,2020-09-21,ARMS_Plymouth_MBA1A_20200717_20200921,ARMS_PLYMOUTH_ARMS1A_200717_220917_IMG_3T_P127-0964.JPG,Image,https://files.plutof.ut.ee/public/orig/D9/D5/D9D524911B431CB306CC02D7BB0C4C3D2B117B3F2F0E902E11AF3A663742C995.jpg,2020-09-15,2020-12-16
Plymouth,United Kingdom,MBA1A,2020-07-17,2020-09-21,ARMS_Plymouth_MBA1A_20200717_20200921,ARMS_PLYMOUTH_ARMS1A_200717_220917_IMG_5B_P127-0969.JPG,Image,https://files.plutof.ut.ee/public/orig/10/0A/100A24B94CEAF7C8BAB5D7F90533A8EE715BD1461869947B00F37A78D9DF87C8.jpg,2020-09-15,2020-12-16
Plymouth,United Kingdom,MBA1A,2020-07-17,2020-09-21,ARMS_Plymouth_MBA1A_20200717_20200921,ARMS_PLYMOUTH_ARMS1A_200717_220917_IMG_5T_P127-0968.JPG,Image,https://files.plutof.ut.ee/public/orig/12/E5/12E50DE7F473B17946DC0906E0FC3BE79EAA67F47A53155ED02DC27F949866DD.jpg,2020-09-15,2020-12-16
Plymouth,United Kingdom,MBA1A,2020-07-17,2020-09-21,ARMS_Plymouth_MBA1A_20200717_20200921,ARMS_PLYMOUTH_ARMS1A_200717_220917_IMG_7T_P127-0972.JPG,Image,https://files.plutof.ut.ee/public/orig/CC/CB/CCCB2D1321A3A1FD8C3546C0753C1EEE62FD3C0A02D80CB3A64571FEA81666C1.jpg,2020-09-15,2020-12-16
Plymouth,United Kingdom,MBA1A,2020-07-17,2020-09-21,ARMS_Plymouth_MBA1A_20200717_20200921,ARMS_PLYMOUTH_ARMS1A_200717_220917_IMG_8T_P127-09674.JPG,Image,https://files.plutof.ut.ee/public/orig/6D/9E/6D9EAE224548DCF2A60FDB16B798D13F9C476C1A663CF43D81F91AA85BC85B84.jpg,2020-09-15,2020-12-16
Plymouth,United Kingdom,MBA1A,2020-07-17,2020-09-21,ARMS_Plymouth_MBA1A_20200717_20200921,ARMS_PLYMOUTH_ARMS1A_200717_220917_IMG_7B_P127-0973.JPG,Image,https://files.plutof.ut.ee/public/orig/BC/EA/BCEA0988B86EB0F469553AE9F05B0F698C8868A3AEEF9F89F1DE419C47DE081D.jpg,2020-09-15,2020-12-16
Plymouth,United Kingdom,MBA1A,2019-07-16,2019-09-16,ARMS_Plymouth_MBA1A_20190716_20190916,2019_MBA_MBA1A_IMGP2651.JPG,Image,https://files.plutof.ut.ee/public/orig/0B/68/0B68FDE80441691F4A382F083E22B17469AF619F043EE576CA0ECD1BAD05EDB0.jpg,2019-11-22,2022-01-24
Plymouth,United Kingdom,MBA1A,2019-07-16,2019-09-16,ARMS_Plymouth_MBA1A_20190716_20190916,2019_MBA_MBA1A_IMGP2652.JPG,Image,https://files.plutof.ut.ee/public/orig/FA/82/FA82B038170F8BEEB22A17C1D180EC026C4DAFF0549AB5B725ADFDD247A52996.jpg,2019-11-22,2022-01-24
Plymouth,United Kingdom,MBA1A,2019-07-16,2019-09-16,ARMS_Plymouth_MBA1A_20190716_20190916,ARMS_Plymouth_MBA1A_190716_190916_IMG_1B_P2655.JPG,Image,https://files.plutof.ut.ee/public/orig/C2/56/C2562B81F43B63C75940B8AA544CE0BB42EC5D5B507170098738E489CD6C21BB.jpg,2019-11-22,2022-01-24
Plymouth,United Kingdom,MBA1A,2019-07-16,2019-09-16,ARMS_Plymouth_MBA1A_20190716_20190916,2019_MBA_MBA1A_IMGP2649.JPG,Image,https://files.plutof.ut.ee/public/orig/39/FF/39FF121640FC5F48E127C1651688A8759913FBC49CADC9D29E996B2FC1B47CB9.jpg,2019-11-22,2022-01-24
Plymouth,United Kingdom,MBA1A,2019-07-16,2019-09-16,ARMS_Plymouth_MBA1A_20190716_20190916,2019_MBA_MBA1A_IMGP2650.JPG,Image,https://files.plutof.ut.ee/public/orig/63/B4/63B4E78EDB77C343BF406407C7FF1D55D3929F0652834F7536F2173B56168F66.jpg,2019-11-22,2022-01-24
Plymouth,United Kingdom,MBA1A,2019-07-16,2019-09-16,ARMS_Plymouth_MBA1A_20190716_20190916,ARMS_Plymouth_MBA1A_190716_190916_IMG_2T_P2657.JPG,Image,https://files.plutof.ut.ee/public/orig/02/89/0289B1EB1E08AB973172E0D477FF13BB35EF249BD7DA00A46049F52B074F09CB.jpg,2019-11-22,2022-01-24
Plymouth,United Kingdom,MBA1A,2019-07-16,2019-09-16,ARMS_Plymouth_MBA1A_20190716_20190916,ARMS_Plymouth_MBA1A_190716_190916_IMG_2B_P2659.JPG,Image,https://files.plutof.ut.ee/public/orig/87/78/8778026F1B06D841FBBED82BB4A49D6DC309AE112FA836C12A6086B9357E31D3.jpg,2019-11-22,2022-01-24
Plymouth,United Kingdom,MBA1A,2019-07-16,2019-09-16,ARMS_Plymouth_MBA1A_20190716_20190916,Image log and notes_MBA1A_2019.pdf,Application,https://files.plutof.ut.ee/public/orig/17/B9/17B9AFF51B37AC6E765CDBAAB1F38723B25251EA2FAC02F4C5E42D2144995353.pdf,2019-11-22,2022-01-24
Plymouth,United Kingdom,MBA1A,2019-07-16,2019-09-16,ARMS_Plymouth_MBA1A_20190716_20190916,ARMS_Plymouth_MBA1A_190716_190916_IMG_3T_P2660.JPG,Image,https://files.plutof.ut.ee/public/orig/71/7E/717E57C814DA5FE60E6FA9942991F835DE26A8BE1E561C8A00BF67976607B6E1.jpg,2019-11-22,2022-01-24
Plymouth,United Kingdom,MBA1A,2019-07-16,2019-09-16,ARMS_Plymouth_MBA1A_20190716_20190916,ARMS_Plymouth_MBA1A_190716_190916_IMG_4T_P2663.JPG,Image,https://files.plutof.ut.ee/public/orig/C7/19/C7191E4B4D184C1CE5EB8AADBB4292FD0CE331E9EDBC768019EFDE7DDA4CC314.jpg,2019-11-22,2022-01-24
Plymouth,United Kingdom,MBA1A,2019-07-16,2019-09-16,ARMS_Plymouth_MBA1A_20190716_20190916,ARMS_Plymouth_MBA1A_190716_190916_IMG_4B_P2664.JPG,Image,https://files.plutof.ut.ee/public/orig/DF/1D/DF1DA8F54D00351950C04984FF88A846F2EADE9F07350EDDFF9CE3735C768FB3.jpg,2019-11-22,2022-01-24
Plymouth,United Kingdom,MBA1A,2019-07-16,2019-09-16,ARMS_Plymouth_MBA1A_20190716_20190916,ARMS_Plymouth_MBA1A_190716_190916_IMG_5B_P2668.JPG,Image,https://files.plutof.ut.ee/public/orig/17/4E/174E3BA6F9171BD08CE4DFE327B60E4B8A31C3297F10B9122E986227BFB4FF11.jpg,2019-11-22,2022-01-24
Plymouth,United Kingdom,MBA1A,2019-07-16,2019-09-16,ARMS_Plymouth_MBA1A_20190716_20190916,ARMS_Plymouth_MBA1A_190716_190916_IMG_6T_P2670.JPG,Image,https://files.plutof.ut.ee/public/orig/70/45/7045E8AD9604EDB17C1FFF683E949782974DBED3A660246C290422212FE2815C.jpg,2019-11-22,2022-01-24
Plymouth,United Kingdom,MBA1A,2019-07-16,2019-09-16,ARMS_Plymouth_MBA1A_20190716_20190916,ARMS_Plymouth_MBA1A_190716_190916_IMG_8B_P2676.JPG,Image,https://files.plutof.ut.ee/public/orig/1A/21/1A21D2BF8E0C046E8317FC86809818C080EC5B93E752FEF789B6EE830588672E.jpg,2019-11-22,2022-01-24
Plymouth,United Kingdom,MBA1A,2019-07-16,2019-09-16,ARMS_Plymouth_MBA1A_20190716_20190916,ARMS_Plymouth_MBA1A_190716_190916_IMG_8T_P2675.JPG,Image,https://files.plutof.ut.ee/public/orig/6A/DB/6ADB454703DD38565C48D76AEBB759B997FA505CC862B364F6B33297945D41E2.jpg,2019-11-22,2022-01-24
Plymouth,United Kingdom,MBA1A,2019-07-16,2019-09-16,ARMS_Plymouth_MBA1A_20190716_20190916,ARMS_Plymouth_MBA1A_190716_190916_IMG_6B_P2671.JPG,Image,https://files.plutof.ut.ee/public/orig/23/E3/23E34813E1F54B0BF1980CA7D13720E9C54AB4F190EB3DD6A42ED0B63F3825D6.jpg,2019-11-22,2022-01-24
Plymouth,United Kingdom,MBA1A,2019-07-16,2019-09-16,ARMS_Plymouth_MBA1A_20190716_20190916,ARMS_Plymouth_MBA1A_190716_190916_IMG_7B_P2674.JPG,Image,https://files.plutof.ut.ee/public/orig/C6/EB/C6EBFCDD4AD5E0F8A9308F1A1BCA7CE63E35218D3EA4FE32D669D40A1265D606.jpg,2019-11-22,2022-01-24
Plymouth,United Kingdom,MBA1A,2019-07-16,2019-09-16,ARMS_Plymouth_MBA1A_20190716_20190916,ARMS_Plymouth_MBA1A_190716_190916_IMG_7T_P2673.JPG,Image,https://files.plutof.ut.ee/public/orig/8B/A9/8BA9FE3CE8A72E09B2E620F662C487D97B0FC37AEED3FDF02902BE33088209CB.jpg,2019-11-22,2022-01-24
Plymouth,United Kingdom,MBA1A,2019-07-16,2019-09-16,ARMS_Plymouth_MBA1A_20190716_20190916,ARMS_Plymouth_MBA1A_190716_190916_IMG_5T_P2666.JPG,Image,https://files.plutof.ut.ee/public/orig/69/3B/693B4CDE0539B35A14EDD8D8B75E085B313DC0EBC1E800D0466F84DD4F35960D.jpg,2019-11-22,2022-01-24
Plymouth,United Kingdom,MBA1A,2019-07-16,2019-09-16,ARMS_Plymouth_MBA1A_20190716_20190916,ARMS_Plymouth_MBA1A_190716_190916_IMG_3B_P2661.JPG,Image,https://files.plutof.ut.ee/public/orig/B4/B4/B4B4210DCD58C81427558340CA411C98F13F9D63B38F761786C6DCF7858B6284.jpg,2019-11-22,2022-01-24
Plymouth,United Kingdom,MBA1A,2019-07-16,2019-09-16,ARMS_Plymouth_MBA1A_20190716_20190916,ARMS_Plymouth_MBA1A_190716_190916_IMG_1T_P2654.JPG,Image,https://files.plutof.ut.ee/public/orig/7C/F3/7CF3224122DD5EEA742ADC6E763154447948F8E61F8A32BFE5CD7B066A64B8B0.jpg,2019-11-22,2022-01-24
Plymouth,United Kingdom,MBA1B,2019-07-16,2019-09-18,ARMS_Plymouth_MBA1B_20190716_20190918,2019_MBA_MBA1B_IMGP2684.JPG,Image,https://files.plutof.ut.ee/public/orig/60/29/602919AF95BF3C87CE1D1A9D95F835808B252E3DEFD861F6A89617FEEFA9DB07.jpg,2019-11-22,2022-01-24
Plymouth,United Kingdom,MBA1B,2019-07-16,2019-09-18,ARMS_Plymouth_MBA1B_20190716_20190918,2019_MBA_MBA1B_IMGP2694_Bottom.JPG,Image,https://files.plutof.ut.ee/public/orig/64/B4/64B4AABDED5D300D6B791692ECD5C57F08BE7A7FB6756EBF9719A60872FC29AD.jpg,2019-11-22,2022-01-24
Plymouth,United Kingdom,MBA1B,2019-07-16,2019-09-18,ARMS_Plymouth_MBA1B_20190716_20190918,ARMS_Plymouth_MBA1B_190716_190918_IMG_5B_P1270724.JPG,Image,https://files.plutof.ut.ee/public/orig/A5/AE/A5AED0C4018B21A8C02ED5C0A47152ACF5C1046CC13780B336B67D06C58DDCD5.jpg,2019-11-22,2022-01-24
Plymouth,United Kingdom,MBA1B,2019-07-16,2019-09-18,ARMS_Plymouth_MBA1B_20190716_20190918,ARMS_Plymouth_MBA1B_190716_190918_IMG_8T_P1270729.JPG,Image,https://files.plutof.ut.ee/public/orig/9A/B7/9AB77BC44425C5998FB4D0FC539A868C7455B169C357F3EF1D2F75C85FAD1C58.jpg,2019-11-22,2022-01-24
Plymouth,United Kingdom,MBA1B,2019-07-16,2019-09-18,ARMS_Plymouth_MBA1B_20190716_20190918,2019_MBA_MBA1B_IMGP2683.JPG,Image,https://files.plutof.ut.ee/public/orig/05/F5/05F518C4DD51F73F8C8FE0972A17A6D5F1526195EC323E90BBE8BED7AE0FCCED.jpg,2019-11-22,2022-01-24
Plymouth,United Kingdom,MBA1B,2019-07-16,2019-09-18,ARMS_Plymouth_MBA1B_20190716_20190918,ARMS_Plymouth_MBA1B_190716_190918_IMG_2B_P1270715.JPG,Image,https://files.plutof.ut.ee/public/orig/1C/B6/1CB6464CD3C815796C916AB9FEC11CFEDCB297FE05551CAF3E78082613E0D0CD.jpg,2019-11-22,2022-01-24
Plymouth,United Kingdom,MBA1B,2019-07-16,2019-09-18,ARMS_Plymouth_MBA1B_20190716_20190918,ARMS_Plymouth_MBA1B_190716_190918_IMG_6B_P1270726.JPG,Image,https://files.plutof.ut.ee/public/orig/F5/75/F575BA01ED7EACC7B50FAA75512AF9CDF25417237353CD302F5372F10F8FA92C.jpg,2019-11-22,2022-01-24
Plymouth,United Kingdom,MBA1B,2019-07-16,2019-09-18,ARMS_Plymouth_MBA1B_20190716_20190918,ARMS_Plymouth_MBA1B_190716_190918_IMG_3B_P1270719.JPG,Image,https://files.plutof.ut.ee/public/orig/B4/2E/B42E6DFD18925B693295D91CC07669E149BD1BD715295559470A26B2825B68B4.jpg,2019-11-22,2022-01-24
Plymouth,United Kingdom,MBA1B,2019-07-16,2019-09-18,ARMS_Plymouth_MBA1B_20190716_20190918,ARMS_Plymouth_MBA1B_190716_190918_IMG_6T_P1270725.JPG,Image,https://files.plutof.ut.ee/public/orig/20/E5/20E5945D28C712EBB4E067B2A93089CFCB7334BB721DF4E4B8393586292C2056.jpg,2019-11-22,2022-01-24
Plymouth,United Kingdom,MBA1B,2019-07-16,2019-09-18,ARMS_Plymouth_MBA1B_20190716_20190918,ARMS_Plymouth_MBA1B_190716_190918_IMG_1T_P1270734.JPG,Image,https://files.plutof.ut.ee/public/orig/09/88/098843C23BE0DE6163A50139C5A1EFC89009A8433BD63FA65E7E9D561DFD4D7A.jpg,2019-11-22,2022-01-24
Plymouth,United Kingdom,MBA1B,2019-07-16,2019-09-18,ARMS_Plymouth_MBA1B_20190716_20190918,2019_MBA_MBA1B_IMGP2677.JPG,Image,https://files.plutof.ut.ee/public/orig/CC/47/CC478177C5FE8D627074ACDD889C13A4D375A220DA756199E8BCB48EC7CFC271.jpg,2019-11-22,2022-01-24
Plymouth,United Kingdom,MBA1B,2019-07-16,2019-09-18,ARMS_Plymouth_MBA1B_20190716_20190918,2019_MBA_MBA1B_IMGP2691_Bottom.JPG,Image,https://files.plutof.ut.ee/public/orig/BA/12/BA12C87B5CFFD7640A4D5ACCB92BF57B90EEB90F2DFC602052D998CBC34DDA9C.jpg,2019-11-22,2022-01-24
Plymouth,United Kingdom,MBA1B,2019-07-16,2019-09-18,ARMS_Plymouth_MBA1B_20190716_20190918,ARMS_Plymouth_MBA1B_190716_190918_IMG_4T_P1270720.JPG,Image,https://files.plutof.ut.ee/public/orig/56/44/5644E8122F8F3B546FB55068A0E7B2A2DCE38501219FCF9FE1DC33EC2CB8FC70.jpg,2019-11-22,2022-01-24
Plymouth,United Kingdom,MBA1B,2019-07-16,2019-09-18,ARMS_Plymouth_MBA1B_20190716_20190918,Image log and notes_MBA1B_2019.pdf,Application,https://files.plutof.ut.ee/public/orig/9E/47/9E471975E02B6A41CCD36E314BD7F1800CCD6C690494DA95F78F176A53BE13F2.pdf,2019-11-22,2022-01-24
Plymouth,United Kingdom,MBA1B,2019-07-16,2019-09-18,ARMS_Plymouth_MBA1B_20190716_20190918,ARMS_Plymouth_MBA1B_190716_190918_IMG_7B_P1270728.JPG,Image,https://files.plutof.ut.ee/public/orig/99/36/9936C99A425B22269FEAC571A87F7601B3E06489C717E432280A129AE57D1B26.jpg,2019-11-22,2022-01-24
Plymouth,United Kingdom,MBA1B,2019-07-16,2019-09-18,ARMS_Plymouth_MBA1B_20190716_20190918,2019_MBA_MBA1B_IMGP2678.JPG,Image,https://files.plutof.ut.ee/public/orig/4C/6D/4C6DBAD8FB432B16366FC6435953DD2A7A4A7E2119B367E69E25EF3DACE7818A.jpg,2019-11-22,2022-01-24
Plymouth,United Kingdom,MBA1B,2019-07-16,2019-09-18,ARMS_Plymouth_MBA1B_20190716_20190918,ARMS_Plymouth_MBA1B_190716_190918_IMG_5T_P1270722.JPG,Image,https://files.plutof.ut.ee/public/orig/A2/03/A203D3BA4E637BC21F2D716FF06D758401301F94470F18ECD102B4229E768D9F.jpg,2019-11-22,2022-01-24
Plymouth,United Kingdom,MBA1B,2019-07-16,2019-09-18,ARMS_Plymouth_MBA1B_20190716_20190918,ARMS_Plymouth_MBA1B_190716_190918_IMG_8B_P1270730.JPG,Image,https://files.plutof.ut.ee/public/orig/2F/AA/2FAA83A6F195BC0A039D9B649071E444E4E6CC0DE4225FAE10519C9ACF78C5B3.jpg,2019-11-22,2022-01-24
Plymouth,United Kingdom,MBA1B,2019-07-16,2019-09-18,ARMS_Plymouth_MBA1B_20190716_20190918,ARMS_Plymouth_MBA1B_190716_190918_IMG_1B_P1270735.JPG,Image,https://files.plutof.ut.ee/public/orig/C2/6B/C26BCCF047C7B64CFF5ED49143715558D4BFF53DC0E6DF07BDA7F5D4F0F9B141.jpg,2019-11-22,2022-01-24
Plymouth,United Kingdom,MBA1B,2019-07-16,2019-09-18,ARMS_Plymouth_MBA1B_20190716_20190918,2019_MBA_MBA1B_IMGP2690_Bottom.JPG,Image,https://files.plutof.ut.ee/public/orig/64/3F/643F48D820440F683B1199F49C14E067888E5EC9140527CE1EF4CDB3060799A8.jpg,2019-11-22,2022-01-24
Plymouth,United Kingdom,MBA1B,2019-07-16,2019-09-18,ARMS_Plymouth_MBA1B_20190716_20190918,ARMS_Plymouth_MBA1B_190716_190918_IMG_4B_P1270721.JPG,Image,https://files.plutof.ut.ee/public/orig/54/35/54354E72203E9D28BF74D79A24E9D54F81381996B2DE07969B5B68D64DE9E904.jpg,2019-11-22,2022-01-24
Plymouth,United Kingdom,MBA1B,2019-07-16,2019-09-18,ARMS_Plymouth_MBA1B_20190716_20190918,2019_MBA_MBA1B_IMGP2679.JPG,Image,https://files.plutof.ut.ee/public/orig/D1/08/D108E079DAB2EE71983CB2E8C79AD0F6C781960A55FF5EA8F351753CBC4178AF.jpg,2019-11-22,2022-01-24
Plymouth,United Kingdom,MBA1B,2019-07-16,2019-09-18,ARMS_Plymouth_MBA1B_20190716_20190918,ARMS_Plymouth_MBA1B_190716_190918_IMG_2T_P1270716.JPG,Image,https://files.plutof.ut.ee/public/orig/BB/93/BB930DBC273AE8A8622C16162371E35865E93834D371E185771A18CAD9156281.jpg,2019-11-22,2022-01-24
Plymouth,United Kingdom,MBA1B,2019-07-16,2019-09-18,ARMS_Plymouth_MBA1B_20190716_20190918,ARMS_Plymouth_MBA1B_190716_190918_IMG_3T_P1270717.JPG,Image,https://files.plutof.ut.ee/public/orig/6C/9E/6C9E7FA4B9F9ACBED0F44D1CF0FA913A09CD1F43D7169D51FB9CF8A9284E818B.jpg,2019-11-22,2022-01-24
Plymouth,United Kingdom,MBA1B,2019-07-16,2019-09-18,ARMS_Plymouth_MBA1B_20190716_20190918,ARMS_Plymouth_MBA1B_190716_190918_IMG_7T_P1270727.JPG,Image,https://files.plutof.ut.ee/public/orig/AE/23/AE23D23B394D2B5FE0E2B47044AC3FB912D52190A419D03159EDE7587A4CCD8D.jpg,2019-11-22,2022-01-24
Plymouth,United Kingdom,MBA1B,2020-07-17,2020-09-22,ARMS_Plymouth_MBA1B_20200717_20200922,ARMS_PLYMOUTH_ARMS1B_200717_230917_IMG_0B_P127-0976.JPG,Image,https://files.plutof.ut.ee/public/orig/C3/38/C338491DA0C86FCD2FF6B093256FA3D9F976D6D4D69FFF9E48EE6422D4F5382A.jpg,2020-09-15,2020-12-16
Plymouth,United Kingdom,MBA1B,2020-07-17,2020-09-22,ARMS_Plymouth_MBA1B_20200717_20200922,ARMS_PLYMOUTH_ARMS1B_200717_230917_IMG_4T_P127-0983.JPG,Image,https://files.plutof.ut.ee/public/orig/5E/E7/5EE7972231C755BFEBEDFEF4528DAF4364E301B8AFB2DF95F424AA5082F0632D.jpg,2020-09-15,2020-12-16
Plymouth,United Kingdom,MBA1B,2020-07-17,2020-09-22,ARMS_Plymouth_MBA1B_20200717_20200922,ARMS_PLYMOUTH_ARMS1B_200717_230917_IMG_0T_P127-0984_ARMS1B_2020_4B.JPG,Image,https://files.plutof.ut.ee/public/orig/61/E6/61E6673336D8BB173E98C89677F9E557D1BDEE2ABE04D434CE7780A39F4554A2.jpg,2020-09-15,2020-12-16
Plymouth,United Kingdom,MBA1B,2020-07-17,2020-09-22,ARMS_Plymouth_MBA1B_20200717_20200922,ARMS_PLYMOUTH_ARMS1B_200717_230917_IMG_3T_P127-0981_P1270981.JPG,Image,https://files.plutof.ut.ee/public/orig/D1/87/D187071430C64B99D8E680FC21DD9EEF59A76358F50A80483118C0D3F79863B2.jpg,2020-09-15,2020-12-16
Plymouth,United Kingdom,MBA1B,2020-07-17,2020-09-22,ARMS_Plymouth_MBA1B_20200717_20200922,ARMS_PLYMOUTH_ARMS1B_200717_230917_IMG_6B_P127-0988.JPG,Image,https://files.plutof.ut.ee/public/orig/EF/3E/EF3E3B5BBA031B02E8C1B1E11B2EEE551A486369A007DD3A16C06245AEAA6534.jpg,2020-09-15,2020-12-16
Plymouth,United Kingdom,MBA1B,2020-07-17,2020-09-22,ARMS_Plymouth_MBA1B_20200717_20200922,ARMS_PLYMOUTH_ARMS1B_200717_230917_IMG_1B_P127-0978.JPG,Image,https://files.plutof.ut.ee/public/orig/8E/63/8E636422B25928157CE2C1E17471A2FD8A47215C3950CEF8AC12E76B21455AAD.jpg,2020-09-15,2020-12-16
Plymouth,United Kingdom,MBA1B,2020-07-17,2020-09-22,ARMS_Plymouth_MBA1B_20200717_20200922,ARMS_PLYMOUTH_ARMS1B_200717_230917_IMG_2B_P127-0979.JPG,Image,https://files.plutof.ut.ee/public/orig/E8/25/E8256D2CA64DCE07044A5C7F4B3CEC5CD12B27F16BFC77FC998351E68F8FE6E4.jpg,2020-09-15,2020-12-16
Plymouth,United Kingdom,MBA1B,2020-07-17,2020-09-22,ARMS_Plymouth_MBA1B_20200717_20200922,ARMS_PLYMOUTH_ARMS1B_200717_230917_IMG_1T_P127-0977.JPG,Image,https://files.plutof.ut.ee/public/orig/7D/D3/7DD3C3DBB5043B37E0C4EE94F6AEC2AA13793DC969AB4558ADD1A835DFC7B7F9.jpg,2020-09-15,2020-12-16
Plymouth,United Kingdom,MBA1B,2020-07-17,2020-09-22,ARMS_Plymouth_MBA1B_20200717_20200922,ARMS_PLYMOUTH_ARMS1B_200717_230917_IMG_3B_P127-0982.JPG,Image,https://files.plutof.ut.ee/public/orig/56/1C/561C275A6F2B1ED08975FE491C6EF463CB756F09F36B50B9B6CA9A3EF2841151.jpg,2020-09-15,2020-12-16
Plymouth,United Kingdom,MBA1B,2020-07-17,2020-09-22,ARMS_Plymouth_MBA1B_20200717_20200922,ARMS_PLYMOUTH_ARMS1B_200717_230917_IMG_8B_P127-0992.JPG,Image,https://files.plutof.ut.ee/public/orig/AF/60/AF608D19F1457A917EDAF0F948CD4BAE748BD47A66C6BC56F02042B9E1D17363.jpg,2020-09-15,2020-12-16
Plymouth,United Kingdom,MBA1B,2020-07-17,2020-09-22,ARMS_Plymouth_MBA1B_20200717_20200922,ARMS_PLYMOUTH_ARMS1B_200717_230917_IMG_5T_P127-0985.JPG,Image,https://files.plutof.ut.ee/public/orig/2D/76/2D7649ED46642FF5BE23EFB03E624324F421757D22F3013402F6286C37881D57.jpg,2020-09-15,2020-12-16
Plymouth,United Kingdom,MBA1B,2020-07-17,2020-09-22,ARMS_Plymouth_MBA1B_20200717_20200922,ARMS_PLYMOUTH_ARMS1B_200717_230917_IMG_6T_P127-0987.JPG,Image,https://files.plutof.ut.ee/public/orig/D1/7D/D17D2C4E9C6846A4C8A5E2327DCE81815BDD7969E770934F33773A973EBEA7CC.jpg,2020-09-15,2020-12-16
Plymouth,United Kingdom,MBA1B,2020-07-17,2020-09-22,ARMS_Plymouth_MBA1B_20200717_20200922,ARMS_PLYMOUTH_ARMS1B_200717_230917_IMG_5B_P127-0986.JPG,Image,https://files.plutof.ut.ee/public/orig/10/E4/10E4A74F8D48B4C2FBD9589C7488600A29444199528B4F74BBD8F5FA53C1B5FF.jpg,2020-09-15,2020-12-16
Plymouth,United Kingdom,MBA1B,2020-07-17,2020-09-22,ARMS_Plymouth_MBA1B_20200717_20200922,ARMS_PLYMOUTH_ARMS1B_200717_230917_IMG_7B_P127-0990.JPG,Image,https://files.plutof.ut.ee/public/orig/FA/E5/FAE5E4DBAFD2E4A5341166ED366099E269020AD279508BC5E92A66E980839A96.jpg,2020-09-15,2020-12-16
Plymouth,United Kingdom,MBA1B,2020-07-17,2020-09-22,ARMS_Plymouth_MBA1B_20200717_20200922,ARMS_PLYMOUTH_ARMS1B_200717_230917_IMG_7T_P127-0989.JPG,Image,https://files.plutof.ut.ee/public/orig/36/FD/36FD2D23A1F3D785919E3B0707202F2CF286B803B9AD0EC320B35C1F3E8DBCFD.jpg,2020-09-15,2020-12-16
Plymouth,United Kingdom,MBA1B,2020-07-17,2020-09-22,ARMS_Plymouth_MBA1B_20200717_20200922,ARMS_PLYMOUTH_ARMS1B_200717_230917_IMG_0T_P127-0975.JPG,Image,https://files.plutof.ut.ee/public/orig/00/70/0070E4A8C901F6014F40971CC46646FDB12B4CDEAACA6815C919AFDBB5FBD54E.jpg,2020-09-15,2020-12-16
Plymouth,United Kingdom,MBA1B,2020-07-17,2020-09-22,ARMS_Plymouth_MBA1B_20200717_20200922,ARMS_PLYMOUTH_ARMS1B_200717_230917_IMG_2T_P127-0980.JPG,Image,https://files.plutof.ut.ee/public/orig/2C/23/2C23F677A0EE67F9285EF16A380682325F99703D1D322683252A9C416BD2A1BF.jpg,2020-09-15,2020-12-16
Plymouth,United Kingdom,MBA1B,2020-07-17,2020-09-22,ARMS_Plymouth_MBA1B_20200717_20200922,ARMS_PLYMOUTH_ARMS1B_200717_230917_IMG_8T_P127-0991.JPG,Image,https://files.plutof.ut.ee/public/orig/16/EA/16EACC7E04731AC4C6293152BDC9DD31BFB36B0EC4D2A34DAE53933A51A58BFC.jpg,2020-09-15,2020-12-16
Plymouth,United Kingdom,MBA1C,2020-07-17,2020-09-23,ARMS_Plymouth_MBA1C_20200717_20200923,ARMS_PLYMOUTH_ARMS1C_200717_240917_IMG_0T_P1270993.JPG,Image,https://files.plutof.ut.ee/public/orig/43/B6/43B64F9AA61552C6E28A45C3926F90DE7F7E7C6E047B005B3567749D9ADC4438.jpg,2020-09-15,2020-12-16
Plymouth,United Kingdom,MBA1C,2020-07-17,2020-09-23,ARMS_Plymouth_MBA1C_20200717_20200923,ARMS_PLYMOUTH_ARMS1C_200717_240917_IMG_5T_P1280005.JPG,Image,https://files.plutof.ut.ee/public/orig/F8/0A/F80AA43BBAD17A546493B59A71D616DA548F955DAB7F89FD413B8FB25E9BE1D3.jpg,2020-09-15,2020-12-16
Plymouth,United Kingdom,MBA1C,2020-07-17,2020-09-23,ARMS_Plymouth_MBA1C_20200717_20200923,ARMS_PLYMOUTH_ARMS1C_200717_240917_IMG_6T_P1280007.JPG,Image,https://files.plutof.ut.ee/public/orig/D0/3A/D03A854527F9FC3C9B14FEB25A79CC360639B5085896B39A398A1F79E6A002B9.jpg,2020-09-15,2020-12-16
Plymouth,United Kingdom,MBA1C,2020-07-17,2020-09-23,ARMS_Plymouth_MBA1C_20200717_20200923,ARMS_PLYMOUTH_ARMS1C_200717_240917_IMG_1T_P1270995.JPG,Image,https://files.plutof.ut.ee/public/orig/DF/1B/DF1B83EBB8AF80258DD80E6A7EE84B02B7521AE50D9B3EF764D4A2A6BBEB9F89.jpg,2020-09-15,2020-12-16
Plymouth,United Kingdom,MBA1C,2020-07-17,2020-09-23,ARMS_Plymouth_MBA1C_20200717_20200923,ARMS_PLYMOUTH_ARMS1C_200717_240917_IMG_5B_P1280006.JPG,Image,https://files.plutof.ut.ee/public/orig/8D/1E/8D1E2C7A875949371BB2284178C29261A2674C652E6CA3D584F0875184FEC70D.jpg,2020-09-15,2020-12-16
Plymouth,United Kingdom,MBA1C,2020-07-17,2020-09-23,ARMS_Plymouth_MBA1C_20200717_20200923,ARMS_PLYMOUTH_ARMS1C_200717_240917_IMG_6B_P1280008.JPG,Image,https://files.plutof.ut.ee/public/orig/BA/67/BA6714C4EC759107770E832937DCFBDCED8961F87225D813D0D9CDA4BBF6DC5F.jpg,2020-09-15,2020-12-16
Plymouth,United Kingdom,MBA1C,2020-07-17,2020-09-23,ARMS_Plymouth_MBA1C_20200717_20200923,ARMS_PLYMOUTH_ARMS1C_200717_240917_IMG_1B_P1270996.JPG,Image,https://files.plutof.ut.ee/public/orig/C1/F7/C1F7CB300CA9936ACF84CE839E10FE7D032CD6C49F7EDA1ADBBEBAE3A9398585.jpg,2020-09-15,2020-12-16
Plymouth,United Kingdom,MBA1C,2020-07-17,2020-09-23,ARMS_Plymouth_MBA1C_20200717_20200923,ARMS_PLYMOUTH_ARMS1C_200717_240917_IMG_3T_P1280001.JPG,Image,https://files.plutof.ut.ee/public/orig/6B/07/6B0755F99265132B0258694F4C10855E971E9FA7194899F2D4DFD8DFE958FAA5.jpg,2020-09-15,2020-12-16
Plymouth,United Kingdom,MBA1C,2020-07-17,2020-09-23,ARMS_Plymouth_MBA1C_20200717_20200923,ARMS_PLYMOUTH_ARMS1C_200717_240917_IMG_8B_P1280012.JPG,Image,https://files.plutof.ut.ee/public/orig/EE/20/EE202F5D0899C07E82FE0C8DA92B8600FC83A866C7E87C894E2DA955B53CFC1C.jpg,2020-09-15,2020-12-16
Plymouth,United Kingdom,MBA1C,2020-07-17,2020-09-23,ARMS_Plymouth_MBA1C_20200717_20200923,ARMS_PLYMOUTH_ARMS1C_200717_240917_IMG_2B_P1270999.JPG,Image,https://files.plutof.ut.ee/public/orig/38/E7/38E716517BA981CC7B30652B89C4A7F14099476E5048A946DF9DBD36A10E222D.jpg,2020-09-15,2020-12-16
Plymouth,United Kingdom,MBA1C,2020-07-17,2020-09-23,ARMS_Plymouth_MBA1C_20200717_20200923,ARMS_PLYMOUTH_ARMS1C_200717_240917_IMG_2T_P1270997.JPG,Image,https://files.plutof.ut.ee/public/orig/A7/44/A7448494E53773CD5312755F2A59E80C7BD28E87B0178FA21E2CC9F8B07ED99B.jpg,2020-09-15,2020-12-16
Plymouth,United Kingdom,MBA1C,2020-07-17,2020-09-23,ARMS_Plymouth_MBA1C_20200717_20200923,ARMS_PLYMOUTH_ARMS1C_200717_240917_IMG_3B_P1280002.JPG,Image,https://files.plutof.ut.ee/public/orig/4D/83/4D83FDC84CAABC615EC70BDE306CEBDB6E08008C562C6F70CE1BB49322D19A9C.jpg,2020-09-15,2020-12-16
Plymouth,United Kingdom,MBA1C,2020-07-17,2020-09-23,ARMS_Plymouth_MBA1C_20200717_20200923,ARMS_PLYMOUTH_ARMS1C_200717_240917_IMG_8T_P1280011.JPG,Image,https://files.plutof.ut.ee/public/orig/A8/91/A8915E73CB3EFCDBAC7F73D40D8A20C7CEFBF70CDB735240BCBCC79626B34509.jpg,2020-09-15,2020-12-16
Plymouth,United Kingdom,MBA1C,2020-07-17,2020-09-23,ARMS_Plymouth_MBA1C_20200717_20200923,ARMS_PLYMOUTH_ARMS1C_200717_240917_IMG_4T_P1280003.JPG,Image,https://files.plutof.ut.ee/public/orig/52/9A/529A0345F65697F5BF883F1FEFC6E1C49FE5C99EACE839080F8FBA6DB1400D9A.jpg,2020-09-15,2020-12-16
Plymouth,United Kingdom,MBA1C,2020-07-17,2020-09-23,ARMS_Plymouth_MBA1C_20200717_20200923,ARMS_PLYMOUTH_ARMS1C_200717_240917_IMG_7T_P1280009.JPG,Image,https://files.plutof.ut.ee/public/orig/28/FE/28FE87D5B3A5D3FCA66A68E056B244B7161EB148897AD9F9CD590CF6D4479711.jpg,2020-09-15,2020-12-16
Plymouth,United Kingdom,MBA1C,2020-07-17,2020-09-23,ARMS_Plymouth_MBA1C_20200717_20200923,ARMS_PLYMOUTH_ARMS1C_200717_240917_IMG_0B_P1270994.JPG,Image,https://files.plutof.ut.ee/public/orig/D0/36/D03696D97C3B1B225BE86903AAC8C4FBC0FE6FB07F994A22C043DC47C2A9FD46.jpg,2020-09-15,2020-12-16
Plymouth,United Kingdom,MBA1C,2020-07-17,2020-09-23,ARMS_Plymouth_MBA1C_20200717_20200923,ARMS_PLYMOUTH_ARMS1C_200717_240917_IMG_4B_P1280004.JPG,Image,https://files.plutof.ut.ee/public/orig/18/DA/18DAC06CCF7062E2466D5DCF1D0F4222E6CD66D2689AD2020203EBC706A44AEB.jpg,2020-09-15,2020-12-16
Plymouth,United Kingdom,MBA1C,2020-07-17,2020-09-23,ARMS_Plymouth_MBA1C_20200717_20200923,ARMS_PLYMOUTH_ARMS1C_200717_240917_IMG_7B_P1280010.JPG,Image,https://files.plutof.ut.ee/public/orig/09/68/09686ED1EAD6FC9DD55237643948CE4819E8578B5C4BF8EF7ECBF7B4DEECCC9F.jpg,2020-09-15,2020-12-16
Plymouth,United Kingdom,MBA1C,2019-07-16,2019-09-20,ARMS_Plymouth_MBA1C_20190716_20190920,2019_MBA_MBA1C_IMGP2734.JPG,Image,https://files.plutof.ut.ee/public/orig/CB/59/CB59113AF239E3D4A4B6AC4F0B4EC67CDE4DF1966FD16427BAD563F6049E0279.jpg,2019-11-22,2022-01-24
Plymouth,United Kingdom,MBA1C,2019-07-16,2019-09-20,ARMS_Plymouth_MBA1C_20190716_20190920,ARMS_Plymouth_MBA1C_190716_190920_IMG_1B_P1270740.JPG,Image,https://files.plutof.ut.ee/public/orig/8D/AB/8DAB717CA9612160D5BE995C8105C26D51267491F08C2E4249724C70E1BA29F9.jpg,2019-11-22,2022-01-24
Plymouth,United Kingdom,MBA1C,2019-07-16,2019-09-20,ARMS_Plymouth_MBA1C_20190716_20190920,ARMS_Plymouth_MBA1C_190716_190920_IMG_3B_P1270744.JPG,Image,https://files.plutof.ut.ee/public/orig/E0/72/E0725E1A0414B47D545E652B64B10C9B9E9A1C4818D94DB505E19226C6D51729.jpg,2019-11-22,2022-01-24
Plymouth,United Kingdom,MBA1C,2019-07-16,2019-09-20,ARMS_Plymouth_MBA1C_20190716_20190920,ARMS_Plymouth_MBA1C_190716_190920_IMG_3T_P1270743.JPG,Image,https://files.plutof.ut.ee/public/orig/18/91/189150E0D59449D5063E7056DF565C0180E6EE10160D559B26180F3250E5FE64.jpg,2019-11-22,2022-01-24
Plymouth,United Kingdom,MBA1C,2019-07-16,2019-09-20,ARMS_Plymouth_MBA1C_20190716_20190920,ARMS_Plymouth_MBA1C_190716_190920_IMG_6T_P1270749.JPG,Image,https://files.plutof.ut.ee/public/orig/89/56/89563BD8C0A798B813BC53A3AED02375F759F32064A2D015DE13FACB36F44633.jpg,2019-11-22,2022-01-24
Plymouth,United Kingdom,MBA1C,2019-07-16,2019-09-20,ARMS_Plymouth_MBA1C_20190716_20190920,ARMS_Plymouth_MBA1C_190716_190920_IMG_8B_P1270754.JPG,Image,https://files.plutof.ut.ee/public/orig/D4/99/D4990BB10E414BA5F2463E8756A17B9350B75992B18C9C49E04A5B11718B28D3.jpg,2019-11-22,2022-01-24
Plymouth,United Kingdom,MBA1C,2019-07-16,2019-09-20,ARMS_Plymouth_MBA1C_20190716_20190920,ARMS_Plymouth_MBA1C_190716_190920_IMG_8T_P1270753.JPG,Image,https://files.plutof.ut.ee/public/orig/79/22/792265072DCC512089E4A96758545ACE35977CF8F2542977767506992C1415F1.jpg,2019-11-22,2022-01-24
Plymouth,United Kingdom,MBA1C,2019-07-16,2019-09-20,ARMS_Plymouth_MBA1C_20190716_20190920,ARMS_Plymouth_MBA1C_190716_190920_IMG_1T_P1270739.JPG,Image,https://files.plutof.ut.ee/public/orig/69/20/69201BBCD48E379EA5DFD61B3C9E0CA825FD003AEB5A116519A838DE7F9443AC.jpg,2019-11-22,2022-01-24
Plymouth,United Kingdom,MBA1C,2019-07-16,2019-09-20,ARMS_Plymouth_MBA1C_20190716_20190920,ARMS_Plymouth_MBA1C_190716_190920_IMG_5T_P1270747.JPG,Image,https://files.plutof.ut.ee/public/orig/EC/53/EC5384166E745213636368D644BF992CE7D723DA112DB57D1C7D3ACE8AB65F33.jpg,2019-11-22,2022-01-24
Plymouth,United Kingdom,MBA1C,2019-07-16,2019-09-20,ARMS_Plymouth_MBA1C_20190716_20190920,2019_MBA_MBA1C_IMGP2729.JPG,Image,https://files.plutof.ut.ee/public/orig/EB/6A/EB6AC27B2F9DA3A9936EFE67E471E565325BC50376C3D7AD0052A105159265CE.jpg,2019-11-22,2022-01-24
Plymouth,United Kingdom,MBA1C,2019-07-16,2019-09-20,ARMS_Plymouth_MBA1C_20190716_20190920,2019_MBA_MBA1C_IMGP2731.JPG,Image,https://files.plutof.ut.ee/public/orig/2E/5B/2E5B757B325F4E9FC421202E43403E873E285443DF2C738EA4C2EA428AFC54A5.jpg,2019-11-22,2022-01-24
Plymouth,United Kingdom,MBA1C,2019-07-16,2019-09-20,ARMS_Plymouth_MBA1C_20190716_20190920,2019_MBA_MBA1C_IMGP2732.JPG,Image,https://files.plutof.ut.ee/public/orig/CA/98/CA989FD248741769FD782026360049726D3AB311EB4A4A09840606A030FF3ACD.jpg,2019-11-22,2022-01-24
Plymouth,United Kingdom,MBA1C,2019-07-16,2019-09-20,ARMS_Plymouth_MBA1C_20190716_20190920,ARMS_Plymouth_MBA1C_190716_190920_IMG_2T_P1270741.JPG,Image,https://files.plutof.ut.ee/public/orig/B6/71/B6710465F0784DE60C9A01D34C06A8DA206EAAB93DA47111C5B9D713E34EC5D8.jpg,2019-11-22,2022-01-24
Plymouth,United Kingdom,MBA1C,2019-07-16,2019-09-20,ARMS_Plymouth_MBA1C_20190716_20190920,ARMS_Plymouth_MBA1C_190716_190920_IMG_7B_P1270752.JPG,Image,https://files.plutof.ut.ee/public/orig/23/16/23163759F75A1B1EF170D49B40CCBD95204592B011B975E5F115CE00604C8422.jpg,2019-11-22,2022-01-24
Plymouth,United Kingdom,MBA1C,2019-07-16,2019-09-20,ARMS_Plymouth_MBA1C_20190716_20190920,Image log and notes_MBA1C_2019.pdf,Application,https://files.plutof.ut.ee/public/orig/56/46/5646592CB2E6D78B7E1FBD622C87FD4868FE71CC434AB514BE1043A85AB57089.pdf,2019-11-22,2022-01-24
Plymouth,United Kingdom,MBA1C,2019-07-16,2019-09-20,ARMS_Plymouth_MBA1C_20190716_20190920,2019_MBA_MBA1C_IMGP2735.JPG,Image,https://files.plutof.ut.ee/public/orig/FB/D4/FBD470C37315FFA838BA49CDFEBE27EDD7F17FC31B632AAD4BF7B6E4D7F885A9.jpg,2019-11-22,2022-01-24
Plymouth,United Kingdom,MBA1C,2019-07-16,2019-09-20,ARMS_Plymouth_MBA1C_20190716_20190920,ARMS_Plymouth_MBA1C_190716_190920_IMG_4T_P1270745.JPG,Image,https://files.plutof.ut.ee/public/orig/7C/2E/7C2E60B8EFB560D36DDC9A7F425F96537499C842E291721A408BF69E44697A31.jpg,2019-11-22,2022-01-24
Plymouth,United Kingdom,MBA1C,2019-07-16,2019-09-20,ARMS_Plymouth_MBA1C_20190716_20190920,2019_MBA_MBA1C_IMGP2733.JPG,Image,https://files.plutof.ut.ee/public/orig/F5/66/F566B25C051CCAC8D3870716F430759A50FEBB50482AF8E5821B75DE58E3818D.jpg,2019-11-22,2022-01-24
Plymouth,United Kingdom,MBA1C,2019-07-16,2019-09-20,ARMS_Plymouth_MBA1C_20190716_20190920,ARMS_Plymouth_MBA1C_190716_190920_IMG_5B_P1270748.JPG,Image,https://files.plutof.ut.ee/public/orig/73/1F/731FED5D1C852C2E440360083F905A270D0C0A1EFF5DF3E527F15C32073278BF.jpg,2019-11-22,2022-01-24
Plymouth,United Kingdom,MBA1C,2019-07-16,2019-09-20,ARMS_Plymouth_MBA1C_20190716_20190920,2019_MBA_MBA1C_IMGP2730.JPG,Image,https://files.plutof.ut.ee/public/orig/3A/21/3A215097A88C1A7D8841F3FAB4DCC582F6D34D9AD111548002825C0E1036A141.jpg,2019-11-22,2022-01-24
Plymouth,United Kingdom,MBA1C,2019-07-16,2019-09-20,ARMS_Plymouth_MBA1C_20190716_20190920,ARMS_Plymouth_MBA1C_190716_190920_IMG_6B_P1270750.JPG,Image,https://files.plutof.ut.ee/public/orig/C3/BA/C3BAC37BFAC305D5CA0FB82852A08387A351FD0B55B182AFF97F8423CBA57A36.jpg,2019-11-22,2022-01-24
Plymouth,United Kingdom,MBA1C,2019-07-16,2019-09-20,ARMS_Plymouth_MBA1C_20190716_20190920,ARMS_Plymouth_MBA1C_190716_190920_IMG_2B_P1270742.JPG,Image,https://files.plutof.ut.ee/public/orig/6E/86/6E86ABB2042974D3F010A3213794D48A6C0DFF36FCDC7686C732122ED36ECD72.jpg,2019-11-22,2022-01-24
Plymouth,United Kingdom,MBA1C,2019-07-16,2019-09-20,ARMS_Plymouth_MBA1C_20190716_20190920,ARMS_Plymouth_MBA1C_190716_190920_IMG_4B_P1270746.JPG,Image,https://files.plutof.ut.ee/public/orig/A0/2C/A02C7F4DF78E20880351DDF5565DFE2BDC92CF2215C0E028EAF04ACF85CF2DBC.jpg,2019-11-22,2022-01-24
Plymouth,United Kingdom,MBA1C,2019-07-16,2019-09-20,ARMS_Plymouth_MBA1C_20190716_20190920,ARMS_Plymouth_MBA1C_190716_190920_IMG_7T_P1270751.JPG,Image,https://files.plutof.ut.ee/public/orig/9A/C6/9AC64144000DCE3F6C3208CC306DCF53817BCDF3732E3E8E35925C3F8AE27EDE.jpg,2019-11-22,2022-01-24
